id,name,name_en,description,description_en,full_video_url,full_video_image_url,introduction,introduction_en,slug,slug_en,attribute_name,attribute_value
fitd_1762823025442_daf5qf9xx,Básico - peito com Peso corporal,Básico - peito com Peso corporal,Exercício básico focado em peito utilizando Peso corporal. Movimento eficaz para desenvolvimento muscular específico da região.,Exercício básico focado em peito utilizando Peso corporal. Movimento eficaz para desenvolvimento muscular específico da região.,https://www.youtube.com/watch?v=fitd_1762823025442_daf5qf9xx,https://img.youtube.com/vi/fitd_1762823025442_daf5qf9xx/maxresdefault.jpg,Básico exercício para peito,Básico exercício para peito,basico-peito-com-peso-corporal,basico-peito-com-peso-corporal,EQUIPMENT,BODYWEIGHT
fitd_1762823025442_daf5qf9xx,Básico - peito com Peso corporal,Básico - peito com Peso corporal,Exercício básico focado em peito utilizando Peso corporal. Movimento eficaz para desenvolvimento muscular específico da região.,Exercício básico focado em peito utilizando Peso corporal. Movimento eficaz para desenvolvimento muscular específico da região.,https://www.youtube.com/watch?v=fitd_1762823025442_daf5qf9xx,https://img.youtube.com/vi/fitd_1762823025442_daf5qf9xx/maxresdefault.jpg,Básico exercício para peito,Básico exercício para peito,basico-peito-com-peso-corporal,basico-peito-com-peso-corporal,PRIMARY_MUSCLE,CHEST
fitd_1762823025444_zn1sqaolw,Avançado - peito com Peso corporal,Avançado - peito com Peso corporal,Exercício avançado focado em peito utilizando Peso corporal. Movimento eficaz para desenvolvimento muscular específico da região.,Exercício avançado focado em peito utilizando Peso corporal. Movimento eficaz para desenvolvimento muscular específico da região.,https://www.youtube.com/watch?v=fitd_1762823025444_zn1sqaolw,https://img.youtube.com/vi/fitd_1762823025444_zn1sqaolw/maxresdefault.jpg,Avançado exercício para peito,Avançado exercício para peito,avancado-peito-com-peso-corporal,avancado-peito-com-peso-corporal,EQUIPMENT,BODYWEIGHT
fitd_1762823025444_zn1sqaolw,Avançado - peito com Peso corporal,Avançado - peito com Peso corporal,Exercício avançado focado em peito utilizando Peso corporal. Movimento eficaz para desenvolvimento muscular específico da região.,Exercício avançado focado em peito utilizando Peso corporal. Movimento eficaz para desenvolvimento muscular específico da região.,https://www.youtube.com/watch?v=fitd_1762823025444_zn1sqaolw,https://img.youtube.com/vi/fitd_1762823025444_zn1sqaolw/maxresdefault.jpg,Avançado exercício para peito,Avançado exercício para peito,avancado-peito-com-peso-corporal,avancado-peito-com-peso-corporal,PRIMARY_MUSCLE,CHEST
fitd_1762823026547_a017bybd6,Básico - costas com Peso corporal,Básico - costas com Peso corporal,Exercício básico focado em costas utilizando Peso corporal. Movimento eficaz para desenvolvimento muscular específico da região.,Exercício básico focado em costas utilizando Peso corporal. Movimento eficaz para desenvolvimento muscular específico da região.,https://www.youtube.com/watch?v=fitd_1762823026547_a017bybd6,https://img.youtube.com/vi/fitd_1762823026547_a017bybd6/maxresdefault.jpg,Básico exercício para costas,Básico exercício para costas,basico-costas-com-peso-corporal,basico-costas-com-peso-corporal,EQUIPMENT,BODYWEIGHT
fitd_1762823026547_a017bybd6,Básico - costas com Peso corporal,Básico - costas com Peso corporal,Exercício básico focado em costas utilizando Peso corporal. Movimento eficaz para desenvolvimento muscular específico da região.,Exercício básico focado em costas utilizando Peso corporal. Movimento eficaz para desenvolvimento muscular específico da região.,https://www.youtube.com/watch?v=fitd_1762823026547_a017bybd6,https://img.youtube.com/vi/fitd_1762823026547_a017bybd6/maxresdefault.jpg,Básico exercício para costas,Básico exercício para costas,basico-costas-com-peso-corporal,basico-costas-com-peso-corporal,PRIMARY_MUSCLE,BACK
fitd_1762823026547_045wq8y2b,Avançado - costas com Peso corporal,Avançado - costas com Peso corporal,Exercício avançado focado em costas utilizando Peso corporal. Movimento eficaz para desenvolvimento muscular específico da região.,Exercício avançado focado em costas utilizando Peso corporal. Movimento eficaz para desenvolvimento muscular específico da região.,https://www.youtube.com/watch?v=fitd_1762823026547_045wq8y2b,https://img.youtube.com/vi/fitd_1762823026547_045wq8y2b/maxresdefault.jpg,Avançado exercício para costas,Avançado exercício para costas,avancado-costas-com-peso-corporal,avancado-costas-com-peso-corporal,EQUIPMENT,BODYWEIGHT
fitd_1762823026547_045wq8y2b,Avançado - costas com Peso corporal,Avançado - costas com Peso corporal,Exercício avançado focado em costas utilizando Peso corporal. Movimento eficaz para desenvolvimento muscular específico da região.,Exercício avançado focado em costas utilizando Peso corporal. Movimento eficaz para desenvolvimento muscular específico da região.,https://www.youtube.com/watch?v=fitd_1762823026547_045wq8y2b,https://img.youtube.com/vi/fitd_1762823026547_045wq8y2b/maxresdefault.jpg,Avançado exercício para costas,Avançado exercício para costas,avancado-costas-com-peso-corporal,avancado-costas-com-peso-corporal,PRIMARY_MUSCLE,BACK
fitd_1762823027650_nhlu6ilan,Básico - ombros com Peso corporal,Básico - ombros com Peso corporal,Exercício básico focado em ombros utilizando Peso corporal. Movimento eficaz para desenvolvimento muscular específico da região.,Exercício básico focado em ombros utilizando Peso corporal. Movimento eficaz para desenvolvimento muscular específico da região.,https://www.youtube.com/watch?v=fitd_1762823027650_nhlu6ilan,https://img.youtube.com/vi/fitd_1762823027650_nhlu6ilan/maxresdefault.jpg,Básico exercício para ombros,Básico exercício para ombros,basico-ombros-com-peso-corporal,basico-ombros-com-peso-corporal,EQUIPMENT,BODYWEIGHT
fitd_1762823027650_nhlu6ilan,Básico - ombros com Peso corporal,Básico - ombros com Peso corporal,Exercício básico focado em ombros utilizando Peso corporal. Movimento eficaz para desenvolvimento muscular específico da região.,Exercício básico focado em ombros utilizando Peso corporal. Movimento eficaz para desenvolvimento muscular específico da região.,https://www.youtube.com/watch?v=fitd_1762823027650_nhlu6ilan,https://img.youtube.com/vi/fitd_1762823027650_nhlu6ilan/maxresdefault.jpg,Básico exercício para ombros,Básico exercício para ombros,basico-ombros-com-peso-corporal,basico-ombros-com-peso-corporal,PRIMARY_MUSCLE,SHOULDERS
fitd_1762823027651_oohhguz88,Avançado - ombros com Peso corporal,Avançado - ombros com Peso corporal,Exercício avançado focado em ombros utilizando Peso corporal. Movimento eficaz para desenvolvimento muscular específico da região.,Exercício avançado focado em ombros utilizando Peso corporal. Movimento eficaz para desenvolvimento muscular específico da região.,https://www.youtube.com/watch?v=fitd_1762823027651_oohhguz88,https://img.youtube.com/vi/fitd_1762823027651_oohhguz88/maxresdefault.jpg,Avançado exercício para ombros,Avançado exercício para ombros,avancado-ombros-com-peso-corporal,avancado-ombros-com-peso-corporal,EQUIPMENT,BODYWEIGHT
fitd_1762823027651_oohhguz88,Avançado - ombros com Peso corporal,Avançado - ombros com Peso corporal,Exercício avançado focado em ombros utilizando Peso corporal. Movimento eficaz para desenvolvimento muscular específico da região.,Exercício avançado focado em ombros utilizando Peso corporal. Movimento eficaz para desenvolvimento muscular específico da região.,https://www.youtube.com/watch?v=fitd_1762823027651_oohhguz88,https://img.youtube.com/vi/fitd_1762823027651_oohhguz88/maxresdefault.jpg,Avançado exercício para ombros,Avançado exercício para ombros,avancado-ombros-com-peso-corporal,avancado-ombros-com-peso-corporal,PRIMARY_MUSCLE,SHOULDERS
fitd_1762823028754_jwhdcg7yv,Básico - bíceps com Peso corporal,Básico - bíceps com Peso corporal,Exercício básico focado em bíceps utilizando Peso corporal. Movimento eficaz para desenvolvimento muscular específico da região.,Exercício básico focado em bíceps utilizando Peso corporal. Movimento eficaz para desenvolvimento muscular específico da região.,https://www.youtube.com/watch?v=fitd_1762823028754_jwhdcg7yv,https://img.youtube.com/vi/fitd_1762823028754_jwhdcg7yv/maxresdefault.jpg,Básico exercício para bíceps,Básico exercício para bíceps,basico-biceps-com-peso-corporal,basico-biceps-com-peso-corporal,EQUIPMENT,BODYWEIGHT
fitd_1762823028754_jwhdcg7yv,Básico - bíceps com Peso corporal,Básico - bíceps com Peso corporal,Exercício básico focado em bíceps utilizando Peso corporal. Movimento eficaz para desenvolvimento muscular específico da região.,Exercício básico focado em bíceps utilizando Peso corporal. Movimento eficaz para desenvolvimento muscular específico da região.,https://www.youtube.com/watch?v=fitd_1762823028754_jwhdcg7yv,https://img.youtube.com/vi/fitd_1762823028754_jwhdcg7yv/maxresdefault.jpg,Básico exercício para bíceps,Básico exercício para bíceps,basico-biceps-com-peso-corporal,basico-biceps-com-peso-corporal,PRIMARY_MUSCLE,BICEPS
fitd_1762823028754_aht1lc5k1,Avançado - bíceps com Peso corporal,Avançado - bíceps com Peso corporal,Exercício avançado focado em bíceps utilizando Peso corporal. Movimento eficaz para desenvolvimento muscular específico da região.,Exercício avançado focado em bíceps utilizando Peso corporal. Movimento eficaz para desenvolvimento muscular específico da região.,https://www.youtube.com/watch?v=fitd_1762823028754_aht1lc5k1,https://img.youtube.com/vi/fitd_1762823028754_aht1lc5k1/maxresdefault.jpg,Avançado exercício para bíceps,Avançado exercício para bíceps,avancado-biceps-com-peso-corporal,avancado-biceps-com-peso-corporal,EQUIPMENT,BODYWEIGHT
fitd_1762823028754_aht1lc5k1,Avançado - bíceps com Peso corporal,Avançado - bíceps com Peso corporal,Exercício avançado focado em bíceps utilizando Peso corporal. Movimento eficaz para desenvolvimento muscular específico da região.,Exercício avançado focado em bíceps utilizando Peso corporal. Movimento eficaz para desenvolvimento muscular específico da região.,https://www.youtube.com/watch?v=fitd_1762823028754_aht1lc5k1,https://img.youtube.com/vi/fitd_1762823028754_aht1lc5k1/maxresdefault.jpg,Avançado exercício para bíceps,Avançado exercício para bíceps,avancado-biceps-com-peso-corporal,avancado-biceps-com-peso-corporal,PRIMARY_MUSCLE,BICEPS
fitd_1762823029859_o0kugqi2d,Básico - tríceps com Peso corporal,Básico - tríceps com Peso corporal,Exercício básico focado em tríceps utilizando Peso corporal. Movimento eficaz para desenvolvimento muscular específico da região.,Exercício básico focado em tríceps utilizando Peso corporal. Movimento eficaz para desenvolvimento muscular específico da região.,https://www.youtube.com/watch?v=fitd_1762823029859_o0kugqi2d,https://img.youtube.com/vi/fitd_1762823029859_o0kugqi2d/maxresdefault.jpg,Básico exercício para tríceps,Básico exercício para tríceps,basico-triceps-com-peso-corporal,basico-triceps-com-peso-corporal,EQUIPMENT,BODYWEIGHT
fitd_1762823029859_o0kugqi2d,Básico - tríceps com Peso corporal,Básico - tríceps com Peso corporal,Exercício básico focado em tríceps utilizando Peso corporal. Movimento eficaz para desenvolvimento muscular específico da região.,Exercício básico focado em tríceps utilizando Peso corporal. Movimento eficaz para desenvolvimento muscular específico da região.,https://www.youtube.com/watch?v=fitd_1762823029859_o0kugqi2d,https://img.youtube.com/vi/fitd_1762823029859_o0kugqi2d/maxresdefault.jpg,Básico exercício para tríceps,Básico exercício para tríceps,basico-triceps-com-peso-corporal,basico-triceps-com-peso-corporal,PRIMARY_MUSCLE,TRICEPS
fitd_1762823029859_b13691948,Avançado - tríceps com Peso corporal,Avançado - tríceps com Peso corporal,Exercício avançado focado em tríceps utilizando Peso corporal. Movimento eficaz para desenvolvimento muscular específico da região.,Exercício avançado focado em tríceps utilizando Peso corporal. Movimento eficaz para desenvolvimento muscular específico da região.,https://www.youtube.com/watch?v=fitd_1762823029859_b13691948,https://img.youtube.com/vi/fitd_1762823029859_b13691948/maxresdefault.jpg,Avançado exercício para tríceps,Avançado exercício para tríceps,avancado-triceps-com-peso-corporal,avancado-triceps-com-peso-corporal,EQUIPMENT,BODYWEIGHT
fitd_1762823029859_b13691948,Avançado - tríceps com Peso corporal,Avançado - tríceps com Peso corporal,Exercício avançado focado em tríceps utilizando Peso corporal. Movimento eficaz para desenvolvimento muscular específico da região.,Exercício avançado focado em tríceps utilizando Peso corporal. Movimento eficaz para desenvolvimento muscular específico da região.,https://www.youtube.com/watch?v=fitd_1762823029859_b13691948,https://img.youtube.com/vi/fitd_1762823029859_b13691948/maxresdefault.jpg,Avançado exercício para tríceps,Avançado exercício para tríceps,avancado-triceps-com-peso-corporal,avancado-triceps-com-peso-corporal,PRIMARY_MUSCLE,TRICEPS
fitd_1762823030963_xeqqy8kd7,Básico - quadríceps com Peso corporal,Básico - quadríceps com Peso corporal,Exercício básico focado em quadríceps utilizando Peso corporal. Movimento eficaz para desenvolvimento muscular específico da região.,Exercício básico focado em quadríceps utilizando Peso corporal. Movimento eficaz para desenvolvimento muscular específico da região.,https://www.youtube.com/watch?v=fitd_1762823030963_xeqqy8kd7,https://img.youtube.com/vi/fitd_1762823030963_xeqqy8kd7/maxresdefault.jpg,Básico exercício para quadríceps,Básico exercício para quadríceps,basico-quadriceps-com-peso-corporal,basico-quadriceps-com-peso-corporal,EQUIPMENT,BODYWEIGHT
fitd_1762823030963_xeqqy8kd7,Básico - quadríceps com Peso corporal,Básico - quadríceps com Peso corporal,Exercício básico focado em quadríceps utilizando Peso corporal. Movimento eficaz para desenvolvimento muscular específico da região.,Exercício básico focado em quadríceps utilizando Peso corporal. Movimento eficaz para desenvolvimento muscular específico da região.,https://www.youtube.com/watch?v=fitd_1762823030963_xeqqy8kd7,https://img.youtube.com/vi/fitd_1762823030963_xeqqy8kd7/maxresdefault.jpg,Básico exercício para quadríceps,Básico exercício para quadríceps,basico-quadriceps-com-peso-corporal,basico-quadriceps-com-peso-corporal,PRIMARY_MUSCLE,QUADRICEPS
fitd_1762823030963_hq745h8ed,Avançado - quadríceps com Peso corporal,Avançado - quadríceps com Peso corporal,Exercício avançado focado em quadríceps utilizando Peso corporal. Movimento eficaz para desenvolvimento muscular específico da região.,Exercício avançado focado em quadríceps utilizando Peso corporal. Movimento eficaz para desenvolvimento muscular específico da região.,https://www.youtube.com/watch?v=fitd_1762823030963_hq745h8ed,https://img.youtube.com/vi/fitd_1762823030963_hq745h8ed/maxresdefault.jpg,Avançado exercício para quadríceps,Avançado exercício para quadríceps,avancado-quadriceps-com-peso-corporal,avancado-quadriceps-com-peso-corporal,EQUIPMENT,BODYWEIGHT
fitd_1762823030963_hq745h8ed,Avançado - quadríceps com Peso corporal,Avançado - quadríceps com Peso corporal,Exercício avançado focado em quadríceps utilizando Peso corporal. Movimento eficaz para desenvolvimento muscular específico da região.,Exercício avançado focado em quadríceps utilizando Peso corporal. Movimento eficaz para desenvolvimento muscular específico da região.,https://www.youtube.com/watch?v=fitd_1762823030963_hq745h8ed,https://img.youtube.com/vi/fitd_1762823030963_hq745h8ed/maxresdefault.jpg,Avançado exercício para quadríceps,Avançado exercício para quadríceps,avancado-quadriceps-com-peso-corporal,avancado-quadriceps-com-peso-corporal,PRIMARY_MUSCLE,QUADRICEPS
fitd_1762823032065_2hbnq9z2a,Básico - isquiotibiais com Peso corporal,Básico - isquiotibiais com Peso corporal,Exercício básico focado em isquiotibiais utilizando Peso corporal. Movimento eficaz para desenvolvimento muscular específico da região.,Exercício básico focado em isquiotibiais utilizando Peso corporal. Movimento eficaz para desenvolvimento muscular específico da região.,https://www.youtube.com/watch?v=fitd_1762823032065_2hbnq9z2a,https://img.youtube.com/vi/fitd_1762823032065_2hbnq9z2a/maxresdefault.jpg,Básico exercício para isquiotibiais,Básico exercício para isquiotibiais,basico-isquiotibiais-com-peso-corporal,basico-isquiotibiais-com-peso-corporal,EQUIPMENT,BODYWEIGHT
fitd_1762823032065_2hbnq9z2a,Básico - isquiotibiais com Peso corporal,Básico - isquiotibiais com Peso corporal,Exercício básico focado em isquiotibiais utilizando Peso corporal. Movimento eficaz para desenvolvimento muscular específico da região.,Exercício básico focado em isquiotibiais utilizando Peso corporal. Movimento eficaz para desenvolvimento muscular específico da região.,https://www.youtube.com/watch?v=fitd_1762823032065_2hbnq9z2a,https://img.youtube.com/vi/fitd_1762823032065_2hbnq9z2a/maxresdefault.jpg,Básico exercício para isquiotibiais,Básico exercício para isquiotibiais,basico-isquiotibiais-com-peso-corporal,basico-isquiotibiais-com-peso-corporal,PRIMARY_MUSCLE,HAMSTRINGS
fitd_1762823032065_cs6vsgrwj,Avançado - isquiotibiais com Peso corporal,Avançado - isquiotibiais com Peso corporal,Exercício avançado focado em isquiotibiais utilizando Peso corporal. Movimento eficaz para desenvolvimento muscular específico da região.,Exercício avançado focado em isquiotibiais utilizando Peso corporal. Movimento eficaz para desenvolvimento muscular específico da região.,https://www.youtube.com/watch?v=fitd_1762823032065_cs6vsgrwj,https://img.youtube.com/vi/fitd_1762823032065_cs6vsgrwj/maxresdefault.jpg,Avançado exercício para isquiotibiais,Avançado exercício para isquiotibiais,avancado-isquiotibiais-com-peso-corporal,avancado-isquiotibiais-com-peso-corporal,EQUIPMENT,BODYWEIGHT
fitd_1762823032065_cs6vsgrwj,Avançado - isquiotibiais com Peso corporal,Avançado - isquiotibiais com Peso corporal,Exercício avançado focado em isquiotibiais utilizando Peso corporal. Movimento eficaz para desenvolvimento muscular específico da região.,Exercício avançado focado em isquiotibiais utilizando Peso corporal. Movimento eficaz para desenvolvimento muscular específico da região.,https://www.youtube.com/watch?v=fitd_1762823032065_cs6vsgrwj,https://img.youtube.com/vi/fitd_1762823032065_cs6vsgrwj/maxresdefault.jpg,Avançado exercício para isquiotibiais,Avançado exercício para isquiotibiais,avancado-isquiotibiais-com-peso-corporal,avancado-isquiotibiais-com-peso-corporal,PRIMARY_MUSCLE,HAMSTRINGS
fitd_1762823033166_yzurs5nl1,Básico - glúteos com Peso corporal,Básico - glúteos com Peso corporal,Exercício básico focado em glúteos utilizando Peso corporal. Movimento eficaz para desenvolvimento muscular específico da região.,Exercício básico focado em glúteos utilizando Peso corporal. Movimento eficaz para desenvolvimento muscular específico da região.,https://www.youtube.com/watch?v=fitd_1762823033166_yzurs5nl1,https://img.youtube.com/vi/fitd_1762823033166_yzurs5nl1/maxresdefault.jpg,Básico exercício para glúteos,Básico exercício para glúteos,basico-gluteos-com-peso-corporal,basico-gluteos-com-peso-corporal,EQUIPMENT,BODYWEIGHT
fitd_1762823033166_yzurs5nl1,Básico - glúteos com Peso corporal,Básico - glúteos com Peso corporal,Exercício básico focado em glúteos utilizando Peso corporal. Movimento eficaz para desenvolvimento muscular específico da região.,Exercício básico focado em glúteos utilizando Peso corporal. Movimento eficaz para desenvolvimento muscular específico da região.,https://www.youtube.com/watch?v=fitd_1762823033166_yzurs5nl1,https://img.youtube.com/vi/fitd_1762823033166_yzurs5nl1/maxresdefault.jpg,Básico exercício para glúteos,Básico exercício para glúteos,basico-gluteos-com-peso-corporal,basico-gluteos-com-peso-corporal,PRIMARY_MUSCLE,GLUTES
fitd_1762823033166_k0wnmy1fw,Avançado - glúteos com Peso corporal,Avançado - glúteos com Peso corporal,Exercício avançado focado em glúteos utilizando Peso corporal. Movimento eficaz para desenvolvimento muscular específico da região.,Exercício avançado focado em glúteos utilizando Peso corporal. Movimento eficaz para desenvolvimento muscular específico da região.,https://www.youtube.com/watch?v=fitd_1762823033166_k0wnmy1fw,https://img.youtube.com/vi/fitd_1762823033166_k0wnmy1fw/maxresdefault.jpg,Avançado exercício para glúteos,Avançado exercício para glúteos,avancado-gluteos-com-peso-corporal,avancado-gluteos-com-peso-corporal,EQUIPMENT,BODYWEIGHT
fitd_1762823033166_k0wnmy1fw,Avançado - glúteos com Peso corporal,Avançado - glúteos com Peso corporal,Exercício avançado focado em glúteos utilizando Peso corporal. Movimento eficaz para desenvolvimento muscular específico da região.,Exercício avançado focado em glúteos utilizando Peso corporal. Movimento eficaz para desenvolvimento muscular específico da região.,https://www.youtube.com/watch?v=fitd_1762823033166_k0wnmy1fw,https://img.youtube.com/vi/fitd_1762823033166_k0wnmy1fw/maxresdefault.jpg,Avançado exercício para glúteos,Avançado exercício para glúteos,avancado-gluteos-com-peso-corporal,avancado-gluteos-com-peso-corporal,PRIMARY_MUSCLE,GLUTES
fitd_1762823034269_rn6kpu9r4,Básico - panturrilha com Peso corporal,Básico - panturrilha com Peso corporal,Exercício básico focado em panturrilha utilizando Peso corporal. Movimento eficaz para desenvolvimento muscular específico da região.,Exercício básico focado em panturrilha utilizando Peso corporal. Movimento eficaz para desenvolvimento muscular específico da região.,https://www.youtube.com/watch?v=fitd_1762823034269_rn6kpu9r4,https://img.youtube.com/vi/fitd_1762823034269_rn6kpu9r4/maxresdefault.jpg,Básico exercício para panturrilha,Básico exercício para panturrilha,basico-panturrilha-com-peso-corporal,basico-panturrilha-com-peso-corporal,EQUIPMENT,BODYWEIGHT
fitd_1762823034269_rn6kpu9r4,Básico - panturrilha com Peso corporal,Básico - panturrilha com Peso corporal,Exercício básico focado em panturrilha utilizando Peso corporal. Movimento eficaz para desenvolvimento muscular específico da região.,Exercício básico focado em panturrilha utilizando Peso corporal. Movimento eficaz para desenvolvimento muscular específico da região.,https://www.youtube.com/watch?v=fitd_1762823034269_rn6kpu9r4,https://img.youtube.com/vi/fitd_1762823034269_rn6kpu9r4/maxresdefault.jpg,Básico exercício para panturrilha,Básico exercício para panturrilha,basico-panturrilha-com-peso-corporal,basico-panturrilha-com-peso-corporal,PRIMARY_MUSCLE,CALVES
fitd_1762823034269_f0b0uexk1,Avançado - panturrilha com Peso corporal,Avançado - panturrilha com Peso corporal,Exercício avançado focado em panturrilha utilizando Peso corporal. Movimento eficaz para desenvolvimento muscular específico da região.,Exercício avançado focado em panturrilha utilizando Peso corporal. Movimento eficaz para desenvolvimento muscular específico da região.,https://www.youtube.com/watch?v=fitd_1762823034269_f0b0uexk1,https://img.youtube.com/vi/fitd_1762823034269_f0b0uexk1/maxresdefault.jpg,Avançado exercício para panturrilha,Avançado exercício para panturrilha,avancado-panturrilha-com-peso-corporal,avancado-panturrilha-com-peso-corporal,EQUIPMENT,BODYWEIGHT
fitd_1762823034269_f0b0uexk1,Avançado - panturrilha com Peso corporal,Avançado - panturrilha com Peso corporal,Exercício avançado focado em panturrilha utilizando Peso corporal. Movimento eficaz para desenvolvimento muscular específico da região.,Exercício avançado focado em panturrilha utilizando Peso corporal. Movimento eficaz para desenvolvimento muscular específico da região.,https://www.youtube.com/watch?v=fitd_1762823034269_f0b0uexk1,https://img.youtube.com/vi/fitd_1762823034269_f0b0uexk1/maxresdefault.jpg,Avançado exercício para panturrilha,Avançado exercício para panturrilha,avancado-panturrilha-com-peso-corporal,avancado-panturrilha-com-peso-corporal,PRIMARY_MUSCLE,CALVES
fitd_1762823035371_s7qkh23u0,Básico - abdominais com Peso corporal,Básico - abdominais com Peso corporal,Exercício básico focado em abdominais utilizando Peso corporal. Movimento eficaz para desenvolvimento muscular específico da região.,Exercício básico focado em abdominais utilizando Peso corporal. Movimento eficaz para desenvolvimento muscular específico da região.,https://www.youtube.com/watch?v=fitd_1762823035371_s7qkh23u0,https://img.youtube.com/vi/fitd_1762823035371_s7qkh23u0/maxresdefault.jpg,Básico exercício para abdominais,Básico exercício para abdominais,basico-abdominais-com-peso-corporal,basico-abdominais-com-peso-corporal,EQUIPMENT,BODYWEIGHT
fitd_1762823035371_s7qkh23u0,Básico - abdominais com Peso corporal,Básico - abdominais com Peso corporal,Exercício básico focado em abdominais utilizando Peso corporal. Movimento eficaz para desenvolvimento muscular específico da região.,Exercício básico focado em abdominais utilizando Peso corporal. Movimento eficaz para desenvolvimento muscular específico da região.,https://www.youtube.com/watch?v=fitd_1762823035371_s7qkh23u0,https://img.youtube.com/vi/fitd_1762823035371_s7qkh23u0/maxresdefault.jpg,Básico exercício para abdominais,Básico exercício para abdominais,basico-abdominais-com-peso-corporal,basico-abdominais-com-peso-corporal,PRIMARY_MUSCLE,ABDOMINALS
fitd_1762823035371_y04531vzl,Avançado - abdominais com Peso corporal,Avançado - abdominais com Peso corporal,Exercício avançado focado em abdominais utilizando Peso corporal. Movimento eficaz para desenvolvimento muscular específico da região.,Exercício avançado focado em abdominais utilizando Peso corporal. Movimento eficaz para desenvolvimento muscular específico da região.,https://www.youtube.com/watch?v=fitd_1762823035371_y04531vzl,https://img.youtube.com/vi/fitd_1762823035371_y04531vzl/maxresdefault.jpg,Avançado exercício para abdominais,Avançado exercício para abdominais,avancado-abdominais-com-peso-corporal,avancado-abdominais-com-peso-corporal,EQUIPMENT,BODYWEIGHT
fitd_1762823035371_y04531vzl,Avançado - abdominais com Peso corporal,Avançado - abdominais com Peso corporal,Exercício avançado focado em abdominais utilizando Peso corporal. Movimento eficaz para desenvolvimento muscular específico da região.,Exercício avançado focado em abdominais utilizando Peso corporal. Movimento eficaz para desenvolvimento muscular específico da região.,https://www.youtube.com/watch?v=fitd_1762823035371_y04531vzl,https://img.youtube.com/vi/fitd_1762823035371_y04531vzl/maxresdefault.jpg,Avançado exercício para abdominais,Avançado exercício para abdominais,avancado-abdominais-com-peso-corporal,avancado-abdominais-com-peso-corporal,PRIMARY_MUSCLE,ABDOMINALS
fitd_1762823036471_gy4xnklov,Básico - antebraço com Peso corporal,Básico - antebraço com Peso corporal,Exercício básico focado em antebraço utilizando Peso corporal. Movimento eficaz para desenvolvimento muscular específico da região.,Exercício básico focado em antebraço utilizando Peso corporal. Movimento eficaz para desenvolvimento muscular específico da região.,https://www.youtube.com/watch?v=fitd_1762823036471_gy4xnklov,https://img.youtube.com/vi/fitd_1762823036471_gy4xnklov/maxresdefault.jpg,Básico exercício para antebraço,Básico exercício para antebraço,basico-antebraco-com-peso-corporal,basico-antebraco-com-peso-corporal,EQUIPMENT,BODYWEIGHT
fitd_1762823036471_gy4xnklov,Básico - antebraço com Peso corporal,Básico - antebraço com Peso corporal,Exercício básico focado em antebraço utilizando Peso corporal. Movimento eficaz para desenvolvimento muscular específico da região.,Exercício básico focado em antebraço utilizando Peso corporal. Movimento eficaz para desenvolvimento muscular específico da região.,https://www.youtube.com/watch?v=fitd_1762823036471_gy4xnklov,https://img.youtube.com/vi/fitd_1762823036471_gy4xnklov/maxresdefault.jpg,Básico exercício para antebraço,Básico exercício para antebraço,basico-antebraco-com-peso-corporal,basico-antebraco-com-peso-corporal,PRIMARY_MUSCLE,FOREARMS
fitd_1762823036471_pjvu0d0jx,Avançado - antebraço com Peso corporal,Avançado - antebraço com Peso corporal,Exercício avançado focado em antebraço utilizando Peso corporal. Movimento eficaz para desenvolvimento muscular específico da região.,Exercício avançado focado em antebraço utilizando Peso corporal. Movimento eficaz para desenvolvimento muscular específico da região.,https://www.youtube.com/watch?v=fitd_1762823036471_pjvu0d0jx,https://img.youtube.com/vi/fitd_1762823036471_pjvu0d0jx/maxresdefault.jpg,Avançado exercício para antebraço,Avançado exercício para antebraço,avancado-antebraco-com-peso-corporal,avancado-antebraco-com-peso-corporal,EQUIPMENT,BODYWEIGHT
fitd_1762823036471_pjvu0d0jx,Avançado - antebraço com Peso corporal,Avançado - antebraço com Peso corporal,Exercício avançado focado em antebraço utilizando Peso corporal. Movimento eficaz para desenvolvimento muscular específico da região.,Exercício avançado focado em antebraço utilizando Peso corporal. Movimento eficaz para desenvolvimento muscular específico da região.,https://www.youtube.com/watch?v=fitd_1762823036471_pjvu0d0jx,https://img.youtube.com/vi/fitd_1762823036471_pjvu0d0jx/maxresdefault.jpg,Avançado exercício para antebraço,Avançado exercício para antebraço,avancado-antebraco-com-peso-corporal,avancado-antebraco-com-peso-corporal,PRIMARY_MUSCLE,FOREARMS
fitd_1762823037573_y4kzopdvg,Básico - trapézio com Peso corporal,Básico - trapézio com Peso corporal,Exercício básico focado em trapézio utilizando Peso corporal. Movimento eficaz para desenvolvimento muscular específico da região.,Exercício básico focado em trapézio utilizando Peso corporal. Movimento eficaz para desenvolvimento muscular específico da região.,https://www.youtube.com/watch?v=fitd_1762823037573_y4kzopdvg,https://img.youtube.com/vi/fitd_1762823037573_y4kzopdvg/maxresdefault.jpg,Básico exercício para trapézio,Básico exercício para trapézio,basico-trapezio-com-peso-corporal,basico-trapezio-com-peso-corporal,EQUIPMENT,BODYWEIGHT
fitd_1762823037573_y4kzopdvg,Básico - trapézio com Peso corporal,Básico - trapézio com Peso corporal,Exercício básico focado em trapézio utilizando Peso corporal. Movimento eficaz para desenvolvimento muscular específico da região.,Exercício básico focado em trapézio utilizando Peso corporal. Movimento eficaz para desenvolvimento muscular específico da região.,https://www.youtube.com/watch?v=fitd_1762823037573_y4kzopdvg,https://img.youtube.com/vi/fitd_1762823037573_y4kzopdvg/maxresdefault.jpg,Básico exercício para trapézio,Básico exercício para trapézio,basico-trapezio-com-peso-corporal,basico-trapezio-com-peso-corporal,PRIMARY_MUSCLE,TRAPS
fitd_1762823037573_4khlwcrud,Avançado - trapézio com Peso corporal,Avançado - trapézio com Peso corporal,Exercício avançado focado em trapézio utilizando Peso corporal. Movimento eficaz para desenvolvimento muscular específico da região.,Exercício avançado focado em trapézio utilizando Peso corporal. Movimento eficaz para desenvolvimento muscular específico da região.,https://www.youtube.com/watch?v=fitd_1762823037573_4khlwcrud,https://img.youtube.com/vi/fitd_1762823037573_4khlwcrud/maxresdefault.jpg,Avançado exercício para trapézio,Avançado exercício para trapézio,avancado-trapezio-com-peso-corporal,avancado-trapezio-com-peso-corporal,EQUIPMENT,BODYWEIGHT
fitd_1762823037573_4khlwcrud,Avançado - trapézio com Peso corporal,Avançado - trapézio com Peso corporal,Exercício avançado focado em trapézio utilizando Peso corporal. Movimento eficaz para desenvolvimento muscular específico da região.,Exercício avançado focado em trapézio utilizando Peso corporal. Movimento eficaz para desenvolvimento muscular específico da região.,https://www.youtube.com/watch?v=fitd_1762823037573_4khlwcrud,https://img.youtube.com/vi/fitd_1762823037573_4khlwcrud/maxresdefault.jpg,Avançado exercício para trapézio,Avançado exercício para trapézio,avancado-trapezio-com-peso-corporal,avancado-trapezio-com-peso-corporal,PRIMARY_MUSCLE,TRAPS
fitd_1762823038678_scvx7p2ix,Básico - peito com Halteres,Básico - peito com Halteres,Exercício básico focado em peito utilizando Halteres. Movimento eficaz para desenvolvimento muscular específico da região.,Exercício básico focado em peito utilizando Halteres. Movimento eficaz para desenvolvimento muscular específico da região.,https://www.youtube.com/watch?v=fitd_1762823038678_scvx7p2ix,https://img.youtube.com/vi/fitd_1762823038678_scvx7p2ix/maxresdefault.jpg,Básico exercício para peito,Básico exercício para peito,basico-peito-com-halteres,basico-peito-com-halteres,EQUIPMENT,DUMBBELL
fitd_1762823038678_scvx7p2ix,Básico - peito com Halteres,Básico - peito com Halteres,Exercício básico focado em peito utilizando Halteres. Movimento eficaz para desenvolvimento muscular específico da região.,Exercício básico focado em peito utilizando Halteres. Movimento eficaz para desenvolvimento muscular específico da região.,https://www.youtube.com/watch?v=fitd_1762823038678_scvx7p2ix,https://img.youtube.com/vi/fitd_1762823038678_scvx7p2ix/maxresdefault.jpg,Básico exercício para peito,Básico exercício para peito,basico-peito-com-halteres,basico-peito-com-halteres,PRIMARY_MUSCLE,CHEST
fitd_1762823038678_9t3ii6b36,Avançado - peito com Halteres,Avançado - peito com Halteres,Exercício avançado focado em peito utilizando Halteres. Movimento eficaz para desenvolvimento muscular específico da região.,Exercício avançado focado em peito utilizando Halteres. Movimento eficaz para desenvolvimento muscular específico da região.,https://www.youtube.com/watch?v=fitd_1762823038678_9t3ii6b36,https://img.youtube.com/vi/fitd_1762823038678_9t3ii6b36/maxresdefault.jpg,Avançado exercício para peito,Avançado exercício para peito,avancado-peito-com-halteres,avancado-peito-com-halteres,EQUIPMENT,DUMBBELL
fitd_1762823038678_9t3ii6b36,Avançado - peito com Halteres,Avançado - peito com Halteres,Exercício avançado focado em peito utilizando Halteres. Movimento eficaz para desenvolvimento muscular específico da região.,Exercício avançado focado em peito utilizando Halteres. Movimento eficaz para desenvolvimento muscular específico da região.,https://www.youtube.com/watch?v=fitd_1762823038678_9t3ii6b36,https://img.youtube.com/vi/fitd_1762823038678_9t3ii6b36/maxresdefault.jpg,Avançado exercício para peito,Avançado exercício para peito,avancado-peito-com-halteres,avancado-peito-com-halteres,PRIMARY_MUSCLE,CHEST
fitd_1762823039782_hu8y0mxpo,Básico - costas com Halteres,Básico - costas com Halteres,Exercício básico focado em costas utilizando Halteres. Movimento eficaz para desenvolvimento muscular específico da região.,Exercício básico focado em costas utilizando Halteres. Movimento eficaz para desenvolvimento muscular específico da região.,https://www.youtube.com/watch?v=fitd_1762823039782_hu8y0mxpo,https://img.youtube.com/vi/fitd_1762823039782_hu8y0mxpo/maxresdefault.jpg,Básico exercício para costas,Básico exercício para costas,basico-costas-com-halteres,basico-costas-com-halteres,EQUIPMENT,DUMBBELL
fitd_1762823039782_hu8y0mxpo,Básico - costas com Halteres,Básico - costas com Halteres,Exercício básico focado em costas utilizando Halteres. Movimento eficaz para desenvolvimento muscular específico da região.,Exercício básico focado em costas utilizando Halteres. Movimento eficaz para desenvolvimento muscular específico da região.,https://www.youtube.com/watch?v=fitd_1762823039782_hu8y0mxpo,https://img.youtube.com/vi/fitd_1762823039782_hu8y0mxpo/maxresdefault.jpg,Básico exercício para costas,Básico exercício para costas,basico-costas-com-halteres,basico-costas-com-halteres,PRIMARY_MUSCLE,BACK
fitd_1762823039782_3ussk7z30,Avançado - costas com Halteres,Avançado - costas com Halteres,Exercício avançado focado em costas utilizando Halteres. Movimento eficaz para desenvolvimento muscular específico da região.,Exercício avançado focado em costas utilizando Halteres. Movimento eficaz para desenvolvimento muscular específico da região.,https://www.youtube.com/watch?v=fitd_1762823039782_3ussk7z30,https://img.youtube.com/vi/fitd_1762823039782_3ussk7z30/maxresdefault.jpg,Avançado exercício para costas,Avançado exercício para costas,avancado-costas-com-halteres,avancado-costas-com-halteres,EQUIPMENT,DUMBBELL
fitd_1762823039782_3ussk7z30,Avançado - costas com Halteres,Avançado - costas com Halteres,Exercício avançado focado em costas utilizando Halteres. Movimento eficaz para desenvolvimento muscular específico da região.,Exercício avançado focado em costas utilizando Halteres. Movimento eficaz para desenvolvimento muscular específico da região.,https://www.youtube.com/watch?v=fitd_1762823039782_3ussk7z30,https://img.youtube.com/vi/fitd_1762823039782_3ussk7z30/maxresdefault.jpg,Avançado exercício para costas,Avançado exercício para costas,avancado-costas-com-halteres,avancado-costas-com-halteres,PRIMARY_MUSCLE,BACK
fitd_1762823040886_g8kw7056z,Básico - ombros com Halteres,Básico - ombros com Halteres,Exercício básico focado em ombros utilizando Halteres. Movimento eficaz para desenvolvimento muscular específico da região.,Exercício básico focado em ombros utilizando Halteres. Movimento eficaz para desenvolvimento muscular específico da região.,https://www.youtube.com/watch?v=fitd_1762823040886_g8kw7056z,https://img.youtube.com/vi/fitd_1762823040886_g8kw7056z/maxresdefault.jpg,Básico exercício para ombros,Básico exercício para ombros,basico-ombros-com-halteres,basico-ombros-com-halteres,EQUIPMENT,DUMBBELL
fitd_1762823040886_g8kw7056z,Básico - ombros com Halteres,Básico - ombros com Halteres,Exercício básico focado em ombros utilizando Halteres. Movimento eficaz para desenvolvimento muscular específico da região.,Exercício básico focado em ombros utilizando Halteres. Movimento eficaz para desenvolvimento muscular específico da região.,https://www.youtube.com/watch?v=fitd_1762823040886_g8kw7056z,https://img.youtube.com/vi/fitd_1762823040886_g8kw7056z/maxresdefault.jpg,Básico exercício para ombros,Básico exercício para ombros,basico-ombros-com-halteres,basico-ombros-com-halteres,PRIMARY_MUSCLE,SHOULDERS
fitd_1762823040887_z1mvxui74,Avançado - ombros com Halteres,Avançado - ombros com Halteres,Exercício avançado focado em ombros utilizando Halteres. Movimento eficaz para desenvolvimento muscular específico da região.,Exercício avançado focado em ombros utilizando Halteres. Movimento eficaz para desenvolvimento muscular específico da região.,https://www.youtube.com/watch?v=fitd_1762823040887_z1mvxui74,https://img.youtube.com/vi/fitd_1762823040887_z1mvxui74/maxresdefault.jpg,Avançado exercício para ombros,Avançado exercício para ombros,avancado-ombros-com-halteres,avancado-ombros-com-halteres,EQUIPMENT,DUMBBELL
fitd_1762823040887_z1mvxui74,Avançado - ombros com Halteres,Avançado - ombros com Halteres,Exercício avançado focado em ombros utilizando Halteres. Movimento eficaz para desenvolvimento muscular específico da região.,Exercício avançado focado em ombros utilizando Halteres. Movimento eficaz para desenvolvimento muscular específico da região.,https://www.youtube.com/watch?v=fitd_1762823040887_z1mvxui74,https://img.youtube.com/vi/fitd_1762823040887_z1mvxui74/maxresdefault.jpg,Avançado exercício para ombros,Avançado exercício para ombros,avancado-ombros-com-halteres,avancado-ombros-com-halteres,PRIMARY_MUSCLE,SHOULDERS
fitd_1762823042019_6ofn2g3hx,Básico - bíceps com Halteres,Básico - bíceps com Halteres,Exercício básico focado em bíceps utilizando Halteres. Movimento eficaz para desenvolvimento muscular específico da região.,Exercício básico focado em bíceps utilizando Halteres. Movimento eficaz para desenvolvimento muscular específico da região.,https://www.youtube.com/watch?v=fitd_1762823042019_6ofn2g3hx,https://img.youtube.com/vi/fitd_1762823042019_6ofn2g3hx/maxresdefault.jpg,Básico exercício para bíceps,Básico exercício para bíceps,basico-biceps-com-halteres,basico-biceps-com-halteres,EQUIPMENT,DUMBBELL
fitd_1762823042019_6ofn2g3hx,Básico - bíceps com Halteres,Básico - bíceps com Halteres,Exercício básico focado em bíceps utilizando Halteres. Movimento eficaz para desenvolvimento muscular específico da região.,Exercício básico focado em bíceps utilizando Halteres. Movimento eficaz para desenvolvimento muscular específico da região.,https://www.youtube.com/watch?v=fitd_1762823042019_6ofn2g3hx,https://img.youtube.com/vi/fitd_1762823042019_6ofn2g3hx/maxresdefault.jpg,Básico exercício para bíceps,Básico exercício para bíceps,basico-biceps-com-halteres,basico-biceps-com-halteres,PRIMARY_MUSCLE,BICEPS
fitd_1762823042019_fa0b08m35,Avançado - bíceps com Halteres,Avançado - bíceps com Halteres,Exercício avançado focado em bíceps utilizando Halteres. Movimento eficaz para desenvolvimento muscular específico da região.,Exercício avançado focado em bíceps utilizando Halteres. Movimento eficaz para desenvolvimento muscular específico da região.,https://www.youtube.com/watch?v=fitd_1762823042019_fa0b08m35,https://img.youtube.com/vi/fitd_1762823042019_fa0b08m35/maxresdefault.jpg,Avançado exercício para bíceps,Avançado exercício para bíceps,avancado-biceps-com-halteres,avancado-biceps-com-halteres,EQUIPMENT,DUMBBELL
fitd_1762823042019_fa0b08m35,Avançado - bíceps com Halteres,Avançado - bíceps com Halteres,Exercício avançado focado em bíceps utilizando Halteres. Movimento eficaz para desenvolvimento muscular específico da região.,Exercício avançado focado em bíceps utilizando Halteres. Movimento eficaz para desenvolvimento muscular específico da região.,https://www.youtube.com/watch?v=fitd_1762823042019_fa0b08m35,https://img.youtube.com/vi/fitd_1762823042019_fa0b08m35/maxresdefault.jpg,Avançado exercício para bíceps,Avançado exercício para bíceps,avancado-biceps-com-halteres,avancado-biceps-com-halteres,PRIMARY_MUSCLE,BICEPS
fitd_1762823043140_7jb0n88vd,Básico - tríceps com Halteres,Básico - tríceps com Halteres,Exercício básico focado em tríceps utilizando Halteres. Movimento eficaz para desenvolvimento muscular específico da região.,Exercício básico focado em tríceps utilizando Halteres. Movimento eficaz para desenvolvimento muscular específico da região.,https://www.youtube.com/watch?v=fitd_1762823043140_7jb0n88vd,https://img.youtube.com/vi/fitd_1762823043140_7jb0n88vd/maxresdefault.jpg,Básico exercício para tríceps,Básico exercício para tríceps,basico-triceps-com-halteres,basico-triceps-com-halteres,EQUIPMENT,DUMBBELL
fitd_1762823043140_7jb0n88vd,Básico - tríceps com Halteres,Básico - tríceps com Halteres,Exercício básico focado em tríceps utilizando Halteres. Movimento eficaz para desenvolvimento muscular específico da região.,Exercício básico focado em tríceps utilizando Halteres. Movimento eficaz para desenvolvimento muscular específico da região.,https://www.youtube.com/watch?v=fitd_1762823043140_7jb0n88vd,https://img.youtube.com/vi/fitd_1762823043140_7jb0n88vd/maxresdefault.jpg,Básico exercício para tríceps,Básico exercício para tríceps,basico-triceps-com-halteres,basico-triceps-com-halteres,PRIMARY_MUSCLE,TRICEPS
fitd_1762823043140_dsow3scqp,Avançado - tríceps com Halteres,Avançado - tríceps com Halteres,Exercício avançado focado em tríceps utilizando Halteres. Movimento eficaz para desenvolvimento muscular específico da região.,Exercício avançado focado em tríceps utilizando Halteres. Movimento eficaz para desenvolvimento muscular específico da região.,https://www.youtube.com/watch?v=fitd_1762823043140_dsow3scqp,https://img.youtube.com/vi/fitd_1762823043140_dsow3scqp/maxresdefault.jpg,Avançado exercício para tríceps,Avançado exercício para tríceps,avancado-triceps-com-halteres,avancado-triceps-com-halteres,EQUIPMENT,DUMBBELL
fitd_1762823043140_dsow3scqp,Avançado - tríceps com Halteres,Avançado - tríceps com Halteres,Exercício avançado focado em tríceps utilizando Halteres. Movimento eficaz para desenvolvimento muscular específico da região.,Exercício avançado focado em tríceps utilizando Halteres. Movimento eficaz para desenvolvimento muscular específico da região.,https://www.youtube.com/watch?v=fitd_1762823043140_dsow3scqp,https://img.youtube.com/vi/fitd_1762823043140_dsow3scqp/maxresdefault.jpg,Avançado exercício para tríceps,Avançado exercício para tríceps,avancado-triceps-com-halteres,avancado-triceps-com-halteres,PRIMARY_MUSCLE,TRICEPS
fitd_1762823044243_qhhbyxmi3,Básico - quadríceps com Halteres,Básico - quadríceps com Halteres,Exercício básico focado em quadríceps utilizando Halteres. Movimento eficaz para desenvolvimento muscular específico da região.,Exercício básico focado em quadríceps utilizando Halteres. Movimento eficaz para desenvolvimento muscular específico da região.,https://www.youtube.com/watch?v=fitd_1762823044243_qhhbyxmi3,https://img.youtube.com/vi/fitd_1762823044243_qhhbyxmi3/maxresdefault.jpg,Básico exercício para quadríceps,Básico exercício para quadríceps,basico-quadriceps-com-halteres,basico-quadriceps-com-halteres,EQUIPMENT,DUMBBELL
fitd_1762823044243_qhhbyxmi3,Básico - quadríceps com Halteres,Básico - quadríceps com Halteres,Exercício básico focado em quadríceps utilizando Halteres. Movimento eficaz para desenvolvimento muscular específico da região.,Exercício básico focado em quadríceps utilizando Halteres. Movimento eficaz para desenvolvimento muscular específico da região.,https://www.youtube.com/watch?v=fitd_1762823044243_qhhbyxmi3,https://img.youtube.com/vi/fitd_1762823044243_qhhbyxmi3/maxresdefault.jpg,Básico exercício para quadríceps,Básico exercício para quadríceps,basico-quadriceps-com-halteres,basico-quadriceps-com-halteres,PRIMARY_MUSCLE,QUADRICEPS
fitd_1762823044243_j9pyv5e6m,Avançado - quadríceps com Halteres,Avançado - quadríceps com Halteres,Exercício avançado focado em quadríceps utilizando Halteres. Movimento eficaz para desenvolvimento muscular específico da região.,Exercício avançado focado em quadríceps utilizando Halteres. Movimento eficaz para desenvolvimento muscular específico da região.,https://www.youtube.com/watch?v=fitd_1762823044243_j9pyv5e6m,https://img.youtube.com/vi/fitd_1762823044243_j9pyv5e6m/maxresdefault.jpg,Avançado exercício para quadríceps,Avançado exercício para quadríceps,avancado-quadriceps-com-halteres,avancado-quadriceps-com-halteres,EQUIPMENT,DUMBBELL
fitd_1762823044243_j9pyv5e6m,Avançado - quadríceps com Halteres,Avançado - quadríceps com Halteres,Exercício avançado focado em quadríceps utilizando Halteres. Movimento eficaz para desenvolvimento muscular específico da região.,Exercício avançado focado em quadríceps utilizando Halteres. Movimento eficaz para desenvolvimento muscular específico da região.,https://www.youtube.com/watch?v=fitd_1762823044243_j9pyv5e6m,https://img.youtube.com/vi/fitd_1762823044243_j9pyv5e6m/maxresdefault.jpg,Avançado exercício para quadríceps,Avançado exercício para quadríceps,avancado-quadriceps-com-halteres,avancado-quadriceps-com-halteres,PRIMARY_MUSCLE,QUADRICEPS
fitd_1762823045345_oqcm1j1yf,Básico - isquiotibiais com Halteres,Básico - isquiotibiais com Halteres,Exercício básico focado em isquiotibiais utilizando Halteres. Movimento eficaz para desenvolvimento muscular específico da região.,Exercício básico focado em isquiotibiais utilizando Halteres. Movimento eficaz para desenvolvimento muscular específico da região.,https://www.youtube.com/watch?v=fitd_1762823045345_oqcm1j1yf,https://img.youtube.com/vi/fitd_1762823045345_oqcm1j1yf/maxresdefault.jpg,Básico exercício para isquiotibiais,Básico exercício para isquiotibiais,basico-isquiotibiais-com-halteres,basico-isquiotibiais-com-halteres,EQUIPMENT,DUMBBELL
fitd_1762823045345_oqcm1j1yf,Básico - isquiotibiais com Halteres,Básico - isquiotibiais com Halteres,Exercício básico focado em isquiotibiais utilizando Halteres. Movimento eficaz para desenvolvimento muscular específico da região.,Exercício básico focado em isquiotibiais utilizando Halteres. Movimento eficaz para desenvolvimento muscular específico da região.,https://www.youtube.com/watch?v=fitd_1762823045345_oqcm1j1yf,https://img.youtube.com/vi/fitd_1762823045345_oqcm1j1yf/maxresdefault.jpg,Básico exercício para isquiotibiais,Básico exercício para isquiotibiais,basico-isquiotibiais-com-halteres,basico-isquiotibiais-com-halteres,PRIMARY_MUSCLE,HAMSTRINGS
fitd_1762823045345_xfkn4o1z9,Avançado - isquiotibiais com Halteres,Avançado - isquiotibiais com Halteres,Exercício avançado focado em isquiotibiais utilizando Halteres. Movimento eficaz para desenvolvimento muscular específico da região.,Exercício avançado focado em isquiotibiais utilizando Halteres. Movimento eficaz para desenvolvimento muscular específico da região.,https://www.youtube.com/watch?v=fitd_1762823045345_xfkn4o1z9,https://img.youtube.com/vi/fitd_1762823045345_xfkn4o1z9/maxresdefault.jpg,Avançado exercício para isquiotibiais,Avançado exercício para isquiotibiais,avancado-isquiotibiais-com-halteres,avancado-isquiotibiais-com-halteres,EQUIPMENT,DUMBBELL
fitd_1762823045345_xfkn4o1z9,Avançado - isquiotibiais com Halteres,Avançado - isquiotibiais com Halteres,Exercício avançado focado em isquiotibiais utilizando Halteres. Movimento eficaz para desenvolvimento muscular específico da região.,Exercício avançado focado em isquiotibiais utilizando Halteres. Movimento eficaz para desenvolvimento muscular específico da região.,https://www.youtube.com/watch?v=fitd_1762823045345_xfkn4o1z9,https://img.youtube.com/vi/fitd_1762823045345_xfkn4o1z9/maxresdefault.jpg,Avançado exercício para isquiotibiais,Avançado exercício para isquiotibiais,avancado-isquiotibiais-com-halteres,avancado-isquiotibiais-com-halteres,PRIMARY_MUSCLE,HAMSTRINGS
fitd_1762823046448_hvs0t4yju,Básico - glúteos com Halteres,Básico - glúteos com Halteres,Exercício básico focado em glúteos utilizando Halteres. Movimento eficaz para desenvolvimento muscular específico da região.,Exercício básico focado em glúteos utilizando Halteres. Movimento eficaz para desenvolvimento muscular específico da região.,https://www.youtube.com/watch?v=fitd_1762823046448_hvs0t4yju,https://img.youtube.com/vi/fitd_1762823046448_hvs0t4yju/maxresdefault.jpg,Básico exercício para glúteos,Básico exercício para glúteos,basico-gluteos-com-halteres,basico-gluteos-com-halteres,EQUIPMENT,DUMBBELL
fitd_1762823046448_hvs0t4yju,Básico - glúteos com Halteres,Básico - glúteos com Halteres,Exercício básico focado em glúteos utilizando Halteres. Movimento eficaz para desenvolvimento muscular específico da região.,Exercício básico focado em glúteos utilizando Halteres. Movimento eficaz para desenvolvimento muscular específico da região.,https://www.youtube.com/watch?v=fitd_1762823046448_hvs0t4yju,https://img.youtube.com/vi/fitd_1762823046448_hvs0t4yju/maxresdefault.jpg,Básico exercício para glúteos,Básico exercício para glúteos,basico-gluteos-com-halteres,basico-gluteos-com-halteres,PRIMARY_MUSCLE,GLUTES
fitd_1762823046448_2pn435swv,Avançado - glúteos com Halteres,Avançado - glúteos com Halteres,Exercício avançado focado em glúteos utilizando Halteres. Movimento eficaz para desenvolvimento muscular específico da região.,Exercício avançado focado em glúteos utilizando Halteres. Movimento eficaz para desenvolvimento muscular específico da região.,https://www.youtube.com/watch?v=fitd_1762823046448_2pn435swv,https://img.youtube.com/vi/fitd_1762823046448_2pn435swv/maxresdefault.jpg,Avançado exercício para glúteos,Avançado exercício para glúteos,avancado-gluteos-com-halteres,avancado-gluteos-com-halteres,EQUIPMENT,DUMBBELL
fitd_1762823046448_2pn435swv,Avançado - glúteos com Halteres,Avançado - glúteos com Halteres,Exercício avançado focado em glúteos utilizando Halteres. Movimento eficaz para desenvolvimento muscular específico da região.,Exercício avançado focado em glúteos utilizando Halteres. Movimento eficaz para desenvolvimento muscular específico da região.,https://www.youtube.com/watch?v=fitd_1762823046448_2pn435swv,https://img.youtube.com/vi/fitd_1762823046448_2pn435swv/maxresdefault.jpg,Avançado exercício para glúteos,Avançado exercício para glúteos,avancado-gluteos-com-halteres,avancado-gluteos-com-halteres,PRIMARY_MUSCLE,GLUTES
fitd_1762823047552_9ja16goe5,Básico - panturrilha com Halteres,Básico - panturrilha com Halteres,Exercício básico focado em panturrilha utilizando Halteres. Movimento eficaz para desenvolvimento muscular específico da região.,Exercício básico focado em panturrilha utilizando Halteres. Movimento eficaz para desenvolvimento muscular específico da região.,https://www.youtube.com/watch?v=fitd_1762823047552_9ja16goe5,https://img.youtube.com/vi/fitd_1762823047552_9ja16goe5/maxresdefault.jpg,Básico exercício para panturrilha,Básico exercício para panturrilha,basico-panturrilha-com-halteres,basico-panturrilha-com-halteres,EQUIPMENT,DUMBBELL
fitd_1762823047552_9ja16goe5,Básico - panturrilha com Halteres,Básico - panturrilha com Halteres,Exercício básico focado em panturrilha utilizando Halteres. Movimento eficaz para desenvolvimento muscular específico da região.,Exercício básico focado em panturrilha utilizando Halteres. Movimento eficaz para desenvolvimento muscular específico da região.,https://www.youtube.com/watch?v=fitd_1762823047552_9ja16goe5,https://img.youtube.com/vi/fitd_1762823047552_9ja16goe5/maxresdefault.jpg,Básico exercício para panturrilha,Básico exercício para panturrilha,basico-panturrilha-com-halteres,basico-panturrilha-com-halteres,PRIMARY_MUSCLE,CALVES
fitd_1762823047552_rvi1hoq5p,Avançado - panturrilha com Halteres,Avançado - panturrilha com Halteres,Exercício avançado focado em panturrilha utilizando Halteres. Movimento eficaz para desenvolvimento muscular específico da região.,Exercício avançado focado em panturrilha utilizando Halteres. Movimento eficaz para desenvolvimento muscular específico da região.,https://www.youtube.com/watch?v=fitd_1762823047552_rvi1hoq5p,https://img.youtube.com/vi/fitd_1762823047552_rvi1hoq5p/maxresdefault.jpg,Avançado exercício para panturrilha,Avançado exercício para panturrilha,avancado-panturrilha-com-halteres,avancado-panturrilha-com-halteres,EQUIPMENT,DUMBBELL
fitd_1762823047552_rvi1hoq5p,Avançado - panturrilha com Halteres,Avançado - panturrilha com Halteres,Exercício avançado focado em panturrilha utilizando Halteres. Movimento eficaz para desenvolvimento muscular específico da região.,Exercício avançado focado em panturrilha utilizando Halteres. Movimento eficaz para desenvolvimento muscular específico da região.,https://www.youtube.com/watch?v=fitd_1762823047552_rvi1hoq5p,https://img.youtube.com/vi/fitd_1762823047552_rvi1hoq5p/maxresdefault.jpg,Avançado exercício para panturrilha,Avançado exercício para panturrilha,avancado-panturrilha-com-halteres,avancado-panturrilha-com-halteres,PRIMARY_MUSCLE,CALVES
fitd_1762823048654_tu9ac425s,Básico - abdominais com Halteres,Básico - abdominais com Halteres,Exercício básico focado em abdominais utilizando Halteres. Movimento eficaz para desenvolvimento muscular específico da região.,Exercício básico focado em abdominais utilizando Halteres. Movimento eficaz para desenvolvimento muscular específico da região.,https://www.youtube.com/watch?v=fitd_1762823048654_tu9ac425s,https://img.youtube.com/vi/fitd_1762823048654_tu9ac425s/maxresdefault.jpg,Básico exercício para abdominais,Básico exercício para abdominais,basico-abdominais-com-halteres,basico-abdominais-com-halteres,EQUIPMENT,DUMBBELL
fitd_1762823048654_tu9ac425s,Básico - abdominais com Halteres,Básico - abdominais com Halteres,Exercício básico focado em abdominais utilizando Halteres. Movimento eficaz para desenvolvimento muscular específico da região.,Exercício básico focado em abdominais utilizando Halteres. Movimento eficaz para desenvolvimento muscular específico da região.,https://www.youtube.com/watch?v=fitd_1762823048654_tu9ac425s,https://img.youtube.com/vi/fitd_1762823048654_tu9ac425s/maxresdefault.jpg,Básico exercício para abdominais,Básico exercício para abdominais,basico-abdominais-com-halteres,basico-abdominais-com-halteres,PRIMARY_MUSCLE,ABDOMINALS
fitd_1762823048654_yel8tdtap,Avançado - abdominais com Halteres,Avançado - abdominais com Halteres,Exercício avançado focado em abdominais utilizando Halteres. Movimento eficaz para desenvolvimento muscular específico da região.,Exercício avançado focado em abdominais utilizando Halteres. Movimento eficaz para desenvolvimento muscular específico da região.,https://www.youtube.com/watch?v=fitd_1762823048654_yel8tdtap,https://img.youtube.com/vi/fitd_1762823048654_yel8tdtap/maxresdefault.jpg,Avançado exercício para abdominais,Avançado exercício para abdominais,avancado-abdominais-com-halteres,avancado-abdominais-com-halteres,EQUIPMENT,DUMBBELL
fitd_1762823048654_yel8tdtap,Avançado - abdominais com Halteres,Avançado - abdominais com Halteres,Exercício avançado focado em abdominais utilizando Halteres. Movimento eficaz para desenvolvimento muscular específico da região.,Exercício avançado focado em abdominais utilizando Halteres. Movimento eficaz para desenvolvimento muscular específico da região.,https://www.youtube.com/watch?v=fitd_1762823048654_yel8tdtap,https://img.youtube.com/vi/fitd_1762823048654_yel8tdtap/maxresdefault.jpg,Avançado exercício para abdominais,Avançado exercício para abdominais,avancado-abdominais-com-halteres,avancado-abdominais-com-halteres,PRIMARY_MUSCLE,ABDOMINALS
fitd_1762823049824_9jzicp96t,Básico - antebraço com Halteres,Básico - antebraço com Halteres,Exercício básico focado em antebraço utilizando Halteres. Movimento eficaz para desenvolvimento muscular específico da região.,Exercício básico focado em antebraço utilizando Halteres. Movimento eficaz para desenvolvimento muscular específico da região.,https://www.youtube.com/watch?v=fitd_1762823049824_9jzicp96t,https://img.youtube.com/vi/fitd_1762823049824_9jzicp96t/maxresdefault.jpg,Básico exercício para antebraço,Básico exercício para antebraço,basico-antebraco-com-halteres,basico-antebraco-com-halteres,EQUIPMENT,DUMBBELL
fitd_1762823049824_9jzicp96t,Básico - antebraço com Halteres,Básico - antebraço com Halteres,Exercício básico focado em antebraço utilizando Halteres. Movimento eficaz para desenvolvimento muscular específico da região.,Exercício básico focado em antebraço utilizando Halteres. Movimento eficaz para desenvolvimento muscular específico da região.,https://www.youtube.com/watch?v=fitd_1762823049824_9jzicp96t,https://img.youtube.com/vi/fitd_1762823049824_9jzicp96t/maxresdefault.jpg,Básico exercício para antebraço,Básico exercício para antebraço,basico-antebraco-com-halteres,basico-antebraco-com-halteres,PRIMARY_MUSCLE,FOREARMS
fitd_1762823049824_n8ccshiuu,Avançado - antebraço com Halteres,Avançado - antebraço com Halteres,Exercício avançado focado em antebraço utilizando Halteres. Movimento eficaz para desenvolvimento muscular específico da região.,Exercício avançado focado em antebraço utilizando Halteres. Movimento eficaz para desenvolvimento muscular específico da região.,https://www.youtube.com/watch?v=fitd_1762823049824_n8ccshiuu,https://img.youtube.com/vi/fitd_1762823049824_n8ccshiuu/maxresdefault.jpg,Avançado exercício para antebraço,Avançado exercício para antebraço,avancado-antebraco-com-halteres,avancado-antebraco-com-halteres,EQUIPMENT,DUMBBELL
fitd_1762823049824_n8ccshiuu,Avançado - antebraço com Halteres,Avançado - antebraço com Halteres,Exercício avançado focado em antebraço utilizando Halteres. Movimento eficaz para desenvolvimento muscular específico da região.,Exercício avançado focado em antebraço utilizando Halteres. Movimento eficaz para desenvolvimento muscular específico da região.,https://www.youtube.com/watch?v=fitd_1762823049824_n8ccshiuu,https://img.youtube.com/vi/fitd_1762823049824_n8ccshiuu/maxresdefault.jpg,Avançado exercício para antebraço,Avançado exercício para antebraço,avancado-antebraco-com-halteres,avancado-antebraco-com-halteres,PRIMARY_MUSCLE,FOREARMS
fitd_1762823050983_rb9q3z3g5,Básico - trapézio com Halteres,Básico - trapézio com Halteres,Exercício básico focado em trapézio utilizando Halteres. Movimento eficaz para desenvolvimento muscular específico da região.,Exercício básico focado em trapézio utilizando Halteres. Movimento eficaz para desenvolvimento muscular específico da região.,https://www.youtube.com/watch?v=fitd_1762823050983_rb9q3z3g5,https://img.youtube.com/vi/fitd_1762823050983_rb9q3z3g5/maxresdefault.jpg,Básico exercício para trapézio,Básico exercício para trapézio,basico-trapezio-com-halteres,basico-trapezio-com-halteres,EQUIPMENT,DUMBBELL
fitd_1762823050983_rb9q3z3g5,Básico - trapézio com Halteres,Básico - trapézio com Halteres,Exercício básico focado em trapézio utilizando Halteres. Movimento eficaz para desenvolvimento muscular específico da região.,Exercício básico focado em trapézio utilizando Halteres. Movimento eficaz para desenvolvimento muscular específico da região.,https://www.youtube.com/watch?v=fitd_1762823050983_rb9q3z3g5,https://img.youtube.com/vi/fitd_1762823050983_rb9q3z3g5/maxresdefault.jpg,Básico exercício para trapézio,Básico exercício para trapézio,basico-trapezio-com-halteres,basico-trapezio-com-halteres,PRIMARY_MUSCLE,TRAPS
fitd_1762823050983_pankvc8cp,Avançado - trapézio com Halteres,Avançado - trapézio com Halteres,Exercício avançado focado em trapézio utilizando Halteres. Movimento eficaz para desenvolvimento muscular específico da região.,Exercício avançado focado em trapézio utilizando Halteres. Movimento eficaz para desenvolvimento muscular específico da região.,https://www.youtube.com/watch?v=fitd_1762823050983_pankvc8cp,https://img.youtube.com/vi/fitd_1762823050983_pankvc8cp/maxresdefault.jpg,Avançado exercício para trapézio,Avançado exercício para trapézio,avancado-trapezio-com-halteres,avancado-trapezio-com-halteres,EQUIPMENT,DUMBBELL
fitd_1762823050983_pankvc8cp,Avançado - trapézio com Halteres,Avançado - trapézio com Halteres,Exercício avançado focado em trapézio utilizando Halteres. Movimento eficaz para desenvolvimento muscular específico da região.,Exercício avançado focado em trapézio utilizando Halteres. Movimento eficaz para desenvolvimento muscular específico da região.,https://www.youtube.com/watch?v=fitd_1762823050983_pankvc8cp,https://img.youtube.com/vi/fitd_1762823050983_pankvc8cp/maxresdefault.jpg,Avançado exercício para trapézio,Avançado exercício para trapézio,avancado-trapezio-com-halteres,avancado-trapezio-com-halteres,PRIMARY_MUSCLE,TRAPS
fitd_1762823052099_e8p5o5esi,Básico - peito com Barra,Básico - peito com Barra,Exercício básico focado em peito utilizando Barra. Movimento eficaz para desenvolvimento muscular específico da região.,Exercício básico focado em peito utilizando Barra. Movimento eficaz para desenvolvimento muscular específico da região.,https://www.youtube.com/watch?v=fitd_1762823052099_e8p5o5esi,https://img.youtube.com/vi/fitd_1762823052099_e8p5o5esi/maxresdefault.jpg,Básico exercício para peito,Básico exercício para peito,basico-peito-com-barra,basico-peito-com-barra,EQUIPMENT,BARBELL
fitd_1762823052099_e8p5o5esi,Básico - peito com Barra,Básico - peito com Barra,Exercício básico focado em peito utilizando Barra. Movimento eficaz para desenvolvimento muscular específico da região.,Exercício básico focado em peito utilizando Barra. Movimento eficaz para desenvolvimento muscular específico da região.,https://www.youtube.com/watch?v=fitd_1762823052099_e8p5o5esi,https://img.youtube.com/vi/fitd_1762823052099_e8p5o5esi/maxresdefault.jpg,Básico exercício para peito,Básico exercício para peito,basico-peito-com-barra,basico-peito-com-barra,PRIMARY_MUSCLE,CHEST
fitd_1762823052099_wbkw1bmm7,Avançado - peito com Barra,Avançado - peito com Barra,Exercício avançado focado em peito utilizando Barra. Movimento eficaz para desenvolvimento muscular específico da região.,Exercício avançado focado em peito utilizando Barra. Movimento eficaz para desenvolvimento muscular específico da região.,https://www.youtube.com/watch?v=fitd_1762823052099_wbkw1bmm7,https://img.youtube.com/vi/fitd_1762823052099_wbkw1bmm7/maxresdefault.jpg,Avançado exercício para peito,Avançado exercício para peito,avancado-peito-com-barra,avancado-peito-com-barra,EQUIPMENT,BARBELL
fitd_1762823052099_wbkw1bmm7,Avançado - peito com Barra,Avançado - peito com Barra,Exercício avançado focado em peito utilizando Barra. Movimento eficaz para desenvolvimento muscular específico da região.,Exercício avançado focado em peito utilizando Barra. Movimento eficaz para desenvolvimento muscular específico da região.,https://www.youtube.com/watch?v=fitd_1762823052099_wbkw1bmm7,https://img.youtube.com/vi/fitd_1762823052099_wbkw1bmm7/maxresdefault.jpg,Avançado exercício para peito,Avançado exercício para peito,avancado-peito-com-barra,avancado-peito-com-barra,PRIMARY_MUSCLE,CHEST
fitd_1762823053264_goi42vq98,Básico - costas com Barra,Básico - costas com Barra,Exercício básico focado em costas utilizando Barra. Movimento eficaz para desenvolvimento muscular específico da região.,Exercício básico focado em costas utilizando Barra. Movimento eficaz para desenvolvimento muscular específico da região.,https://www.youtube.com/watch?v=fitd_1762823053264_goi42vq98,https://img.youtube.com/vi/fitd_1762823053264_goi42vq98/maxresdefault.jpg,Básico exercício para costas,Básico exercício para costas,basico-costas-com-barra,basico-costas-com-barra,EQUIPMENT,BARBELL
fitd_1762823053264_goi42vq98,Básico - costas com Barra,Básico - costas com Barra,Exercício básico focado em costas utilizando Barra. Movimento eficaz para desenvolvimento muscular específico da região.,Exercício básico focado em costas utilizando Barra. Movimento eficaz para desenvolvimento muscular específico da região.,https://www.youtube.com/watch?v=fitd_1762823053264_goi42vq98,https://img.youtube.com/vi/fitd_1762823053264_goi42vq98/maxresdefault.jpg,Básico exercício para costas,Básico exercício para costas,basico-costas-com-barra,basico-costas-com-barra,PRIMARY_MUSCLE,BACK
fitd_1762823053264_q1y6fk1w5,Avançado - costas com Barra,Avançado - costas com Barra,Exercício avançado focado em costas utilizando Barra. Movimento eficaz para desenvolvimento muscular específico da região.,Exercício avançado focado em costas utilizando Barra. Movimento eficaz para desenvolvimento muscular específico da região.,https://www.youtube.com/watch?v=fitd_1762823053264_q1y6fk1w5,https://img.youtube.com/vi/fitd_1762823053264_q1y6fk1w5/maxresdefault.jpg,Avançado exercício para costas,Avançado exercício para costas,avancado-costas-com-barra,avancado-costas-com-barra,EQUIPMENT,BARBELL
fitd_1762823053264_q1y6fk1w5,Avançado - costas com Barra,Avançado - costas com Barra,Exercício avançado focado em costas utilizando Barra. Movimento eficaz para desenvolvimento muscular específico da região.,Exercício avançado focado em costas utilizando Barra. Movimento eficaz para desenvolvimento muscular específico da região.,https://www.youtube.com/watch?v=fitd_1762823053264_q1y6fk1w5,https://img.youtube.com/vi/fitd_1762823053264_q1y6fk1w5/maxresdefault.jpg,Avançado exercício para costas,Avançado exercício para costas,avancado-costas-com-barra,avancado-costas-com-barra,PRIMARY_MUSCLE,BACK
fitd_1762823054405_924u4dc7u,Básico - ombros com Barra,Básico - ombros com Barra,Exercício básico focado em ombros utilizando Barra. Movimento eficaz para desenvolvimento muscular específico da região.,Exercício básico focado em ombros utilizando Barra. Movimento eficaz para desenvolvimento muscular específico da região.,https://www.youtube.com/watch?v=fitd_1762823054405_924u4dc7u,https://img.youtube.com/vi/fitd_1762823054405_924u4dc7u/maxresdefault.jpg,Básico exercício para ombros,Básico exercício para ombros,basico-ombros-com-barra,basico-ombros-com-barra,EQUIPMENT,BARBELL
fitd_1762823054405_924u4dc7u,Básico - ombros com Barra,Básico - ombros com Barra,Exercício básico focado em ombros utilizando Barra. Movimento eficaz para desenvolvimento muscular específico da região.,Exercício básico focado em ombros utilizando Barra. Movimento eficaz para desenvolvimento muscular específico da região.,https://www.youtube.com/watch?v=fitd_1762823054405_924u4dc7u,https://img.youtube.com/vi/fitd_1762823054405_924u4dc7u/maxresdefault.jpg,Básico exercício para ombros,Básico exercício para ombros,basico-ombros-com-barra,basico-ombros-com-barra,PRIMARY_MUSCLE,SHOULDERS
fitd_1762823054405_oh0ab9f25,Avançado - ombros com Barra,Avançado - ombros com Barra,Exercício avançado focado em ombros utilizando Barra. Movimento eficaz para desenvolvimento muscular específico da região.,Exercício avançado focado em ombros utilizando Barra. Movimento eficaz para desenvolvimento muscular específico da região.,https://www.youtube.com/watch?v=fitd_1762823054405_oh0ab9f25,https://img.youtube.com/vi/fitd_1762823054405_oh0ab9f25/maxresdefault.jpg,Avançado exercício para ombros,Avançado exercício para ombros,avancado-ombros-com-barra,avancado-ombros-com-barra,EQUIPMENT,BARBELL
fitd_1762823054405_oh0ab9f25,Avançado - ombros com Barra,Avançado - ombros com Barra,Exercício avançado focado em ombros utilizando Barra. Movimento eficaz para desenvolvimento muscular específico da região.,Exercício avançado focado em ombros utilizando Barra. Movimento eficaz para desenvolvimento muscular específico da região.,https://www.youtube.com/watch?v=fitd_1762823054405_oh0ab9f25,https://img.youtube.com/vi/fitd_1762823054405_oh0ab9f25/maxresdefault.jpg,Avançado exercício para ombros,Avançado exercício para ombros,avancado-ombros-com-barra,avancado-ombros-com-barra,PRIMARY_MUSCLE,SHOULDERS
fitd_1762823055509_na99ek611,Básico - bíceps com Barra,Básico - bíceps com Barra,Exercício básico focado em bíceps utilizando Barra. Movimento eficaz para desenvolvimento muscular específico da região.,Exercício básico focado em bíceps utilizando Barra. Movimento eficaz para desenvolvimento muscular específico da região.,https://www.youtube.com/watch?v=fitd_1762823055509_na99ek611,https://img.youtube.com/vi/fitd_1762823055509_na99ek611/maxresdefault.jpg,Básico exercício para bíceps,Básico exercício para bíceps,basico-biceps-com-barra,basico-biceps-com-barra,EQUIPMENT,BARBELL
fitd_1762823055509_na99ek611,Básico - bíceps com Barra,Básico - bíceps com Barra,Exercício básico focado em bíceps utilizando Barra. Movimento eficaz para desenvolvimento muscular específico da região.,Exercício básico focado em bíceps utilizando Barra. Movimento eficaz para desenvolvimento muscular específico da região.,https://www.youtube.com/watch?v=fitd_1762823055509_na99ek611,https://img.youtube.com/vi/fitd_1762823055509_na99ek611/maxresdefault.jpg,Básico exercício para bíceps,Básico exercício para bíceps,basico-biceps-com-barra,basico-biceps-com-barra,PRIMARY_MUSCLE,BICEPS
fitd_1762823055509_n7iuwygi2,Avançado - bíceps com Barra,Avançado - bíceps com Barra,Exercício avançado focado em bíceps utilizando Barra. Movimento eficaz para desenvolvimento muscular específico da região.,Exercício avançado focado em bíceps utilizando Barra. Movimento eficaz para desenvolvimento muscular específico da região.,https://www.youtube.com/watch?v=fitd_1762823055509_n7iuwygi2,https://img.youtube.com/vi/fitd_1762823055509_n7iuwygi2/maxresdefault.jpg,Avançado exercício para bíceps,Avançado exercício para bíceps,avancado-biceps-com-barra,avancado-biceps-com-barra,EQUIPMENT,BARBELL
fitd_1762823055509_n7iuwygi2,Avançado - bíceps com Barra,Avançado - bíceps com Barra,Exercício avançado focado em bíceps utilizando Barra. Movimento eficaz para desenvolvimento muscular específico da região.,Exercício avançado focado em bíceps utilizando Barra. Movimento eficaz para desenvolvimento muscular específico da região.,https://www.youtube.com/watch?v=fitd_1762823055509_n7iuwygi2,https://img.youtube.com/vi/fitd_1762823055509_n7iuwygi2/maxresdefault.jpg,Avançado exercício para bíceps,Avançado exercício para bíceps,avancado-biceps-com-barra,avancado-biceps-com-barra,PRIMARY_MUSCLE,BICEPS
fitd_1762823056615_hv7gc7kkp,Básico - tríceps com Barra,Básico - tríceps com Barra,Exercício básico focado em tríceps utilizando Barra. Movimento eficaz para desenvolvimento muscular específico da região.,Exercício básico focado em tríceps utilizando Barra. Movimento eficaz para desenvolvimento muscular específico da região.,https://www.youtube.com/watch?v=fitd_1762823056615_hv7gc7kkp,https://img.youtube.com/vi/fitd_1762823056615_hv7gc7kkp/maxresdefault.jpg,Básico exercício para tríceps,Básico exercício para tríceps,basico-triceps-com-barra,basico-triceps-com-barra,EQUIPMENT,BARBELL
fitd_1762823056615_hv7gc7kkp,Básico - tríceps com Barra,Básico - tríceps com Barra,Exercício básico focado em tríceps utilizando Barra. Movimento eficaz para desenvolvimento muscular específico da região.,Exercício básico focado em tríceps utilizando Barra. Movimento eficaz para desenvolvimento muscular específico da região.,https://www.youtube.com/watch?v=fitd_1762823056615_hv7gc7kkp,https://img.youtube.com/vi/fitd_1762823056615_hv7gc7kkp/maxresdefault.jpg,Básico exercício para tríceps,Básico exercício para tríceps,basico-triceps-com-barra,basico-triceps-com-barra,PRIMARY_MUSCLE,TRICEPS
fitd_1762823056615_193i62jvv,Avançado - tríceps com Barra,Avançado - tríceps com Barra,Exercício avançado focado em tríceps utilizando Barra. Movimento eficaz para desenvolvimento muscular específico da região.,Exercício avançado focado em tríceps utilizando Barra. Movimento eficaz para desenvolvimento muscular específico da região.,https://www.youtube.com/watch?v=fitd_1762823056615_193i62jvv,https://img.youtube.com/vi/fitd_1762823056615_193i62jvv/maxresdefault.jpg,Avançado exercício para tríceps,Avançado exercício para tríceps,avancado-triceps-com-barra,avancado-triceps-com-barra,EQUIPMENT,BARBELL
fitd_1762823056615_193i62jvv,Avançado - tríceps com Barra,Avançado - tríceps com Barra,Exercício avançado focado em tríceps utilizando Barra. Movimento eficaz para desenvolvimento muscular específico da região.,Exercício avançado focado em tríceps utilizando Barra. Movimento eficaz para desenvolvimento muscular específico da região.,https://www.youtube.com/watch?v=fitd_1762823056615_193i62jvv,https://img.youtube.com/vi/fitd_1762823056615_193i62jvv/maxresdefault.jpg,Avançado exercício para tríceps,Avançado exercício para tríceps,avancado-triceps-com-barra,avancado-triceps-com-barra,PRIMARY_MUSCLE,TRICEPS
fitd_1762823057715_ykimdp8vf,Básico - quadríceps com Barra,Básico - quadríceps com Barra,Exercício básico focado em quadríceps utilizando Barra. Movimento eficaz para desenvolvimento muscular específico da região.,Exercício básico focado em quadríceps utilizando Barra. Movimento eficaz para desenvolvimento muscular específico da região.,https://www.youtube.com/watch?v=fitd_1762823057715_ykimdp8vf,https://img.youtube.com/vi/fitd_1762823057715_ykimdp8vf/maxresdefault.jpg,Básico exercício para quadríceps,Básico exercício para quadríceps,basico-quadriceps-com-barra,basico-quadriceps-com-barra,EQUIPMENT,BARBELL
fitd_1762823057715_ykimdp8vf,Básico - quadríceps com Barra,Básico - quadríceps com Barra,Exercício básico focado em quadríceps utilizando Barra. Movimento eficaz para desenvolvimento muscular específico da região.,Exercício básico focado em quadríceps utilizando Barra. Movimento eficaz para desenvolvimento muscular específico da região.,https://www.youtube.com/watch?v=fitd_1762823057715_ykimdp8vf,https://img.youtube.com/vi/fitd_1762823057715_ykimdp8vf/maxresdefault.jpg,Básico exercício para quadríceps,Básico exercício para quadríceps,basico-quadriceps-com-barra,basico-quadriceps-com-barra,PRIMARY_MUSCLE,QUADRICEPS
fitd_1762823057715_zgvp9w65i,Avançado - quadríceps com Barra,Avançado - quadríceps com Barra,Exercício avançado focado em quadríceps utilizando Barra. Movimento eficaz para desenvolvimento muscular específico da região.,Exercício avançado focado em quadríceps utilizando Barra. Movimento eficaz para desenvolvimento muscular específico da região.,https://www.youtube.com/watch?v=fitd_1762823057715_zgvp9w65i,https://img.youtube.com/vi/fitd_1762823057715_zgvp9w65i/maxresdefault.jpg,Avançado exercício para quadríceps,Avançado exercício para quadríceps,avancado-quadriceps-com-barra,avancado-quadriceps-com-barra,EQUIPMENT,BARBELL
fitd_1762823057715_zgvp9w65i,Avançado - quadríceps com Barra,Avançado - quadríceps com Barra,Exercício avançado focado em quadríceps utilizando Barra. Movimento eficaz para desenvolvimento muscular específico da região.,Exercício avançado focado em quadríceps utilizando Barra. Movimento eficaz para desenvolvimento muscular específico da região.,https://www.youtube.com/watch?v=fitd_1762823057715_zgvp9w65i,https://img.youtube.com/vi/fitd_1762823057715_zgvp9w65i/maxresdefault.jpg,Avançado exercício para quadríceps,Avançado exercício para quadríceps,avancado-quadriceps-com-barra,avancado-quadriceps-com-barra,PRIMARY_MUSCLE,QUADRICEPS
fitd_1762823058817_b7rplqeac,Básico - isquiotibiais com Barra,Básico - isquiotibiais com Barra,Exercício básico focado em isquiotibiais utilizando Barra. Movimento eficaz para desenvolvimento muscular específico da região.,Exercício básico focado em isquiotibiais utilizando Barra. Movimento eficaz para desenvolvimento muscular específico da região.,https://www.youtube.com/watch?v=fitd_1762823058817_b7rplqeac,https://img.youtube.com/vi/fitd_1762823058817_b7rplqeac/maxresdefault.jpg,Básico exercício para isquiotibiais,Básico exercício para isquiotibiais,basico-isquiotibiais-com-barra,basico-isquiotibiais-com-barra,EQUIPMENT,BARBELL
fitd_1762823058817_b7rplqeac,Básico - isquiotibiais com Barra,Básico - isquiotibiais com Barra,Exercício básico focado em isquiotibiais utilizando Barra. Movimento eficaz para desenvolvimento muscular específico da região.,Exercício básico focado em isquiotibiais utilizando Barra. Movimento eficaz para desenvolvimento muscular específico da região.,https://www.youtube.com/watch?v=fitd_1762823058817_b7rplqeac,https://img.youtube.com/vi/fitd_1762823058817_b7rplqeac/maxresdefault.jpg,Básico exercício para isquiotibiais,Básico exercício para isquiotibiais,basico-isquiotibiais-com-barra,basico-isquiotibiais-com-barra,PRIMARY_MUSCLE,HAMSTRINGS
fitd_1762823058817_wsgdu98i4,Avançado - isquiotibiais com Barra,Avançado - isquiotibiais com Barra,Exercício avançado focado em isquiotibiais utilizando Barra. Movimento eficaz para desenvolvimento muscular específico da região.,Exercício avançado focado em isquiotibiais utilizando Barra. Movimento eficaz para desenvolvimento muscular específico da região.,https://www.youtube.com/watch?v=fitd_1762823058817_wsgdu98i4,https://img.youtube.com/vi/fitd_1762823058817_wsgdu98i4/maxresdefault.jpg,Avançado exercício para isquiotibiais,Avançado exercício para isquiotibiais,avancado-isquiotibiais-com-barra,avancado-isquiotibiais-com-barra,EQUIPMENT,BARBELL
fitd_1762823058817_wsgdu98i4,Avançado - isquiotibiais com Barra,Avançado - isquiotibiais com Barra,Exercício avançado focado em isquiotibiais utilizando Barra. Movimento eficaz para desenvolvimento muscular específico da região.,Exercício avançado focado em isquiotibiais utilizando Barra. Movimento eficaz para desenvolvimento muscular específico da região.,https://www.youtube.com/watch?v=fitd_1762823058817_wsgdu98i4,https://img.youtube.com/vi/fitd_1762823058817_wsgdu98i4/maxresdefault.jpg,Avançado exercício para isquiotibiais,Avançado exercício para isquiotibiais,avancado-isquiotibiais-com-barra,avancado-isquiotibiais-com-barra,PRIMARY_MUSCLE,HAMSTRINGS
fitd_1762823059920_xr44bvh48,Básico - glúteos com Barra,Básico - glúteos com Barra,Exercício básico focado em glúteos utilizando Barra. Movimento eficaz para desenvolvimento muscular específico da região.,Exercício básico focado em glúteos utilizando Barra. Movimento eficaz para desenvolvimento muscular específico da região.,https://www.youtube.com/watch?v=fitd_1762823059920_xr44bvh48,https://img.youtube.com/vi/fitd_1762823059920_xr44bvh48/maxresdefault.jpg,Básico exercício para glúteos,Básico exercício para glúteos,basico-gluteos-com-barra,basico-gluteos-com-barra,EQUIPMENT,BARBELL
fitd_1762823059920_xr44bvh48,Básico - glúteos com Barra,Básico - glúteos com Barra,Exercício básico focado em glúteos utilizando Barra. Movimento eficaz para desenvolvimento muscular específico da região.,Exercício básico focado em glúteos utilizando Barra. Movimento eficaz para desenvolvimento muscular específico da região.,https://www.youtube.com/watch?v=fitd_1762823059920_xr44bvh48,https://img.youtube.com/vi/fitd_1762823059920_xr44bvh48/maxresdefault.jpg,Básico exercício para glúteos,Básico exercício para glúteos,basico-gluteos-com-barra,basico-gluteos-com-barra,PRIMARY_MUSCLE,GLUTES
fitd_1762823059920_5nbt2mobh,Avançado - glúteos com Barra,Avançado - glúteos com Barra,Exercício avançado focado em glúteos utilizando Barra. Movimento eficaz para desenvolvimento muscular específico da região.,Exercício avançado focado em glúteos utilizando Barra. Movimento eficaz para desenvolvimento muscular específico da região.,https://www.youtube.com/watch?v=fitd_1762823059920_5nbt2mobh,https://img.youtube.com/vi/fitd_1762823059920_5nbt2mobh/maxresdefault.jpg,Avançado exercício para glúteos,Avançado exercício para glúteos,avancado-gluteos-com-barra,avancado-gluteos-com-barra,EQUIPMENT,BARBELL
fitd_1762823059920_5nbt2mobh,Avançado - glúteos com Barra,Avançado - glúteos com Barra,Exercício avançado focado em glúteos utilizando Barra. Movimento eficaz para desenvolvimento muscular específico da região.,Exercício avançado focado em glúteos utilizando Barra. Movimento eficaz para desenvolvimento muscular específico da região.,https://www.youtube.com/watch?v=fitd_1762823059920_5nbt2mobh,https://img.youtube.com/vi/fitd_1762823059920_5nbt2mobh/maxresdefault.jpg,Avançado exercício para glúteos,Avançado exercício para glúteos,avancado-gluteos-com-barra,avancado-gluteos-com-barra,PRIMARY_MUSCLE,GLUTES
fitd_1762823061024_u01mmbrhx,Básico - panturrilha com Barra,Básico - panturrilha com Barra,Exercício básico focado em panturrilha utilizando Barra. Movimento eficaz para desenvolvimento muscular específico da região.,Exercício básico focado em panturrilha utilizando Barra. Movimento eficaz para desenvolvimento muscular específico da região.,https://www.youtube.com/watch?v=fitd_1762823061024_u01mmbrhx,https://img.youtube.com/vi/fitd_1762823061024_u01mmbrhx/maxresdefault.jpg,Básico exercício para panturrilha,Básico exercício para panturrilha,basico-panturrilha-com-barra,basico-panturrilha-com-barra,EQUIPMENT,BARBELL
fitd_1762823061024_u01mmbrhx,Básico - panturrilha com Barra,Básico - panturrilha com Barra,Exercício básico focado em panturrilha utilizando Barra. Movimento eficaz para desenvolvimento muscular específico da região.,Exercício básico focado em panturrilha utilizando Barra. Movimento eficaz para desenvolvimento muscular específico da região.,https://www.youtube.com/watch?v=fitd_1762823061024_u01mmbrhx,https://img.youtube.com/vi/fitd_1762823061024_u01mmbrhx/maxresdefault.jpg,Básico exercício para panturrilha,Básico exercício para panturrilha,basico-panturrilha-com-barra,basico-panturrilha-com-barra,PRIMARY_MUSCLE,CALVES
fitd_1762823061024_zo81ay8aw,Avançado - panturrilha com Barra,Avançado - panturrilha com Barra,Exercício avançado focado em panturrilha utilizando Barra. Movimento eficaz para desenvolvimento muscular específico da região.,Exercício avançado focado em panturrilha utilizando Barra. Movimento eficaz para desenvolvimento muscular específico da região.,https://www.youtube.com/watch?v=fitd_1762823061024_zo81ay8aw,https://img.youtube.com/vi/fitd_1762823061024_zo81ay8aw/maxresdefault.jpg,Avançado exercício para panturrilha,Avançado exercício para panturrilha,avancado-panturrilha-com-barra,avancado-panturrilha-com-barra,EQUIPMENT,BARBELL
fitd_1762823061024_zo81ay8aw,Avançado - panturrilha com Barra,Avançado - panturrilha com Barra,Exercício avançado focado em panturrilha utilizando Barra. Movimento eficaz para desenvolvimento muscular específico da região.,Exercício avançado focado em panturrilha utilizando Barra. Movimento eficaz para desenvolvimento muscular específico da região.,https://www.youtube.com/watch?v=fitd_1762823061024_zo81ay8aw,https://img.youtube.com/vi/fitd_1762823061024_zo81ay8aw/maxresdefault.jpg,Avançado exercício para panturrilha,Avançado exercício para panturrilha,avancado-panturrilha-com-barra,avancado-panturrilha-com-barra,PRIMARY_MUSCLE,CALVES
fitd_1762823062127_n35z4ocmp,Básico - abdominais com Barra,Básico - abdominais com Barra,Exercício básico focado em abdominais utilizando Barra. Movimento eficaz para desenvolvimento muscular específico da região.,Exercício básico focado em abdominais utilizando Barra. Movimento eficaz para desenvolvimento muscular específico da região.,https://www.youtube.com/watch?v=fitd_1762823062127_n35z4ocmp,https://img.youtube.com/vi/fitd_1762823062127_n35z4ocmp/maxresdefault.jpg,Básico exercício para abdominais,Básico exercício para abdominais,basico-abdominais-com-barra,basico-abdominais-com-barra,EQUIPMENT,BARBELL
fitd_1762823062127_n35z4ocmp,Básico - abdominais com Barra,Básico - abdominais com Barra,Exercício básico focado em abdominais utilizando Barra. Movimento eficaz para desenvolvimento muscular específico da região.,Exercício básico focado em abdominais utilizando Barra. Movimento eficaz para desenvolvimento muscular específico da região.,https://www.youtube.com/watch?v=fitd_1762823062127_n35z4ocmp,https://img.youtube.com/vi/fitd_1762823062127_n35z4ocmp/maxresdefault.jpg,Básico exercício para abdominais,Básico exercício para abdominais,basico-abdominais-com-barra,basico-abdominais-com-barra,PRIMARY_MUSCLE,ABDOMINALS
fitd_1762823062127_7ghzhirnb,Avançado - abdominais com Barra,Avançado - abdominais com Barra,Exercício avançado focado em abdominais utilizando Barra. Movimento eficaz para desenvolvimento muscular específico da região.,Exercício avançado focado em abdominais utilizando Barra. Movimento eficaz para desenvolvimento muscular específico da região.,https://www.youtube.com/watch?v=fitd_1762823062127_7ghzhirnb,https://img.youtube.com/vi/fitd_1762823062127_7ghzhirnb/maxresdefault.jpg,Avançado exercício para abdominais,Avançado exercício para abdominais,avancado-abdominais-com-barra,avancado-abdominais-com-barra,EQUIPMENT,BARBELL
fitd_1762823062127_7ghzhirnb,Avançado - abdominais com Barra,Avançado - abdominais com Barra,Exercício avançado focado em abdominais utilizando Barra. Movimento eficaz para desenvolvimento muscular específico da região.,Exercício avançado focado em abdominais utilizando Barra. Movimento eficaz para desenvolvimento muscular específico da região.,https://www.youtube.com/watch?v=fitd_1762823062127_7ghzhirnb,https://img.youtube.com/vi/fitd_1762823062127_7ghzhirnb/maxresdefault.jpg,Avançado exercício para abdominais,Avançado exercício para abdominais,avancado-abdominais-com-barra,avancado-abdominais-com-barra,PRIMARY_MUSCLE,ABDOMINALS
fitd_1762823063230_caahhuqq3,Básico - antebraço com Barra,Básico - antebraço com Barra,Exercício básico focado em antebraço utilizando Barra. Movimento eficaz para desenvolvimento muscular específico da região.,Exercício básico focado em antebraço utilizando Barra. Movimento eficaz para desenvolvimento muscular específico da região.,https://www.youtube.com/watch?v=fitd_1762823063230_caahhuqq3,https://img.youtube.com/vi/fitd_1762823063230_caahhuqq3/maxresdefault.jpg,Básico exercício para antebraço,Básico exercício para antebraço,basico-antebraco-com-barra,basico-antebraco-com-barra,EQUIPMENT,BARBELL
fitd_1762823063230_caahhuqq3,Básico - antebraço com Barra,Básico - antebraço com Barra,Exercício básico focado em antebraço utilizando Barra. Movimento eficaz para desenvolvimento muscular específico da região.,Exercício básico focado em antebraço utilizando Barra. Movimento eficaz para desenvolvimento muscular específico da região.,https://www.youtube.com/watch?v=fitd_1762823063230_caahhuqq3,https://img.youtube.com/vi/fitd_1762823063230_caahhuqq3/maxresdefault.jpg,Básico exercício para antebraço,Básico exercício para antebraço,basico-antebraco-com-barra,basico-antebraco-com-barra,PRIMARY_MUSCLE,FOREARMS
fitd_1762823063230_kc9541o8x,Avançado - antebraço com Barra,Avançado - antebraço com Barra,Exercício avançado focado em antebraço utilizando Barra. Movimento eficaz para desenvolvimento muscular específico da região.,Exercício avançado focado em antebraço utilizando Barra. Movimento eficaz para desenvolvimento muscular específico da região.,https://www.youtube.com/watch?v=fitd_1762823063230_kc9541o8x,https://img.youtube.com/vi/fitd_1762823063230_kc9541o8x/maxresdefault.jpg,Avançado exercício para antebraço,Avançado exercício para antebraço,avancado-antebraco-com-barra,avancado-antebraco-com-barra,EQUIPMENT,BARBELL
fitd_1762823063230_kc9541o8x,Avançado - antebraço com Barra,Avançado - antebraço com Barra,Exercício avançado focado em antebraço utilizando Barra. Movimento eficaz para desenvolvimento muscular específico da região.,Exercício avançado focado em antebraço utilizando Barra. Movimento eficaz para desenvolvimento muscular específico da região.,https://www.youtube.com/watch?v=fitd_1762823063230_kc9541o8x,https://img.youtube.com/vi/fitd_1762823063230_kc9541o8x/maxresdefault.jpg,Avançado exercício para antebraço,Avançado exercício para antebraço,avancado-antebraco-com-barra,avancado-antebraco-com-barra,PRIMARY_MUSCLE,FOREARMS
fitd_1762823064331_mpzqr6m43,Básico - trapézio com Barra,Básico - trapézio com Barra,Exercício básico focado em trapézio utilizando Barra. Movimento eficaz para desenvolvimento muscular específico da região.,Exercício básico focado em trapézio utilizando Barra. Movimento eficaz para desenvolvimento muscular específico da região.,https://www.youtube.com/watch?v=fitd_1762823064331_mpzqr6m43,https://img.youtube.com/vi/fitd_1762823064331_mpzqr6m43/maxresdefault.jpg,Básico exercício para trapézio,Básico exercício para trapézio,basico-trapezio-com-barra,basico-trapezio-com-barra,EQUIPMENT,BARBELL
fitd_1762823064331_mpzqr6m43,Básico - trapézio com Barra,Básico - trapézio com Barra,Exercício básico focado em trapézio utilizando Barra. Movimento eficaz para desenvolvimento muscular específico da região.,Exercício básico focado em trapézio utilizando Barra. Movimento eficaz para desenvolvimento muscular específico da região.,https://www.youtube.com/watch?v=fitd_1762823064331_mpzqr6m43,https://img.youtube.com/vi/fitd_1762823064331_mpzqr6m43/maxresdefault.jpg,Básico exercício para trapézio,Básico exercício para trapézio,basico-trapezio-com-barra,basico-trapezio-com-barra,PRIMARY_MUSCLE,TRAPS
fitd_1762823064331_sg46o78mt,Avançado - trapézio com Barra,Avançado - trapézio com Barra,Exercício avançado focado em trapézio utilizando Barra. Movimento eficaz para desenvolvimento muscular específico da região.,Exercício avançado focado em trapézio utilizando Barra. Movimento eficaz para desenvolvimento muscular específico da região.,https://www.youtube.com/watch?v=fitd_1762823064331_sg46o78mt,https://img.youtube.com/vi/fitd_1762823064331_sg46o78mt/maxresdefault.jpg,Avançado exercício para trapézio,Avançado exercício para trapézio,avancado-trapezio-com-barra,avancado-trapezio-com-barra,EQUIPMENT,BARBELL
fitd_1762823064331_sg46o78mt,Avançado - trapézio com Barra,Avançado - trapézio com Barra,Exercício avançado focado em trapézio utilizando Barra. Movimento eficaz para desenvolvimento muscular específico da região.,Exercício avançado focado em trapézio utilizando Barra. Movimento eficaz para desenvolvimento muscular específico da região.,https://www.youtube.com/watch?v=fitd_1762823064331_sg46o78mt,https://img.youtube.com/vi/fitd_1762823064331_sg46o78mt/maxresdefault.jpg,Avançado exercício para trapézio,Avançado exercício para trapézio,avancado-trapezio-com-barra,avancado-trapezio-com-barra,PRIMARY_MUSCLE,TRAPS
fitd_1762823065432_y5my9vsyk,Básico - peito com Kettlebell,Básico - peito com Kettlebell,Exercício básico focado em peito utilizando Kettlebell. Movimento eficaz para desenvolvimento muscular específico da região.,Exercício básico focado em peito utilizando Kettlebell. Movimento eficaz para desenvolvimento muscular específico da região.,https://www.youtube.com/watch?v=fitd_1762823065432_y5my9vsyk,https://img.youtube.com/vi/fitd_1762823065432_y5my9vsyk/maxresdefault.jpg,Básico exercício para peito,Básico exercício para peito,basico-peito-com-kettlebell,basico-peito-com-kettlebell,EQUIPMENT,KETTLEBELLS
fitd_1762823065432_y5my9vsyk,Básico - peito com Kettlebell,Básico - peito com Kettlebell,Exercício básico focado em peito utilizando Kettlebell. Movimento eficaz para desenvolvimento muscular específico da região.,Exercício básico focado em peito utilizando Kettlebell. Movimento eficaz para desenvolvimento muscular específico da região.,https://www.youtube.com/watch?v=fitd_1762823065432_y5my9vsyk,https://img.youtube.com/vi/fitd_1762823065432_y5my9vsyk/maxresdefault.jpg,Básico exercício para peito,Básico exercício para peito,basico-peito-com-kettlebell,basico-peito-com-kettlebell,PRIMARY_MUSCLE,CHEST
fitd_1762823065432_6wsf4rfim,Avançado - peito com Kettlebell,Avançado - peito com Kettlebell,Exercício avançado focado em peito utilizando Kettlebell. Movimento eficaz para desenvolvimento muscular específico da região.,Exercício avançado focado em peito utilizando Kettlebell. Movimento eficaz para desenvolvimento muscular específico da região.,https://www.youtube.com/watch?v=fitd_1762823065432_6wsf4rfim,https://img.youtube.com/vi/fitd_1762823065432_6wsf4rfim/maxresdefault.jpg,Avançado exercício para peito,Avançado exercício para peito,avancado-peito-com-kettlebell,avancado-peito-com-kettlebell,EQUIPMENT,KETTLEBELLS
fitd_1762823065432_6wsf4rfim,Avançado - peito com Kettlebell,Avançado - peito com Kettlebell,Exercício avançado focado em peito utilizando Kettlebell. Movimento eficaz para desenvolvimento muscular específico da região.,Exercício avançado focado em peito utilizando Kettlebell. Movimento eficaz para desenvolvimento muscular específico da região.,https://www.youtube.com/watch?v=fitd_1762823065432_6wsf4rfim,https://img.youtube.com/vi/fitd_1762823065432_6wsf4rfim/maxresdefault.jpg,Avançado exercício para peito,Avançado exercício para peito,avancado-peito-com-kettlebell,avancado-peito-com-kettlebell,PRIMARY_MUSCLE,CHEST
fitd_1762823066534_tjsq769b3,Básico - costas com Kettlebell,Básico - costas com Kettlebell,Exercício básico focado em costas utilizando Kettlebell. Movimento eficaz para desenvolvimento muscular específico da região.,Exercício básico focado em costas utilizando Kettlebell. Movimento eficaz para desenvolvimento muscular específico da região.,https://www.youtube.com/watch?v=fitd_1762823066534_tjsq769b3,https://img.youtube.com/vi/fitd_1762823066534_tjsq769b3/maxresdefault.jpg,Básico exercício para costas,Básico exercício para costas,basico-costas-com-kettlebell,basico-costas-com-kettlebell,EQUIPMENT,KETTLEBELLS
fitd_1762823066534_tjsq769b3,Básico - costas com Kettlebell,Básico - costas com Kettlebell,Exercício básico focado em costas utilizando Kettlebell. Movimento eficaz para desenvolvimento muscular específico da região.,Exercício básico focado em costas utilizando Kettlebell. Movimento eficaz para desenvolvimento muscular específico da região.,https://www.youtube.com/watch?v=fitd_1762823066534_tjsq769b3,https://img.youtube.com/vi/fitd_1762823066534_tjsq769b3/maxresdefault.jpg,Básico exercício para costas,Básico exercício para costas,basico-costas-com-kettlebell,basico-costas-com-kettlebell,PRIMARY_MUSCLE,BACK
fitd_1762823066534_7huy6ckp3,Avançado - costas com Kettlebell,Avançado - costas com Kettlebell,Exercício avançado focado em costas utilizando Kettlebell. Movimento eficaz para desenvolvimento muscular específico da região.,Exercício avançado focado em costas utilizando Kettlebell. Movimento eficaz para desenvolvimento muscular específico da região.,https://www.youtube.com/watch?v=fitd_1762823066534_7huy6ckp3,https://img.youtube.com/vi/fitd_1762823066534_7huy6ckp3/maxresdefault.jpg,Avançado exercício para costas,Avançado exercício para costas,avancado-costas-com-kettlebell,avancado-costas-com-kettlebell,EQUIPMENT,KETTLEBELLS
fitd_1762823066534_7huy6ckp3,Avançado - costas com Kettlebell,Avançado - costas com Kettlebell,Exercício avançado focado em costas utilizando Kettlebell. Movimento eficaz para desenvolvimento muscular específico da região.,Exercício avançado focado em costas utilizando Kettlebell. Movimento eficaz para desenvolvimento muscular específico da região.,https://www.youtube.com/watch?v=fitd_1762823066534_7huy6ckp3,https://img.youtube.com/vi/fitd_1762823066534_7huy6ckp3/maxresdefault.jpg,Avançado exercício para costas,Avançado exercício para costas,avancado-costas-com-kettlebell,avancado-costas-com-kettlebell,PRIMARY_MUSCLE,BACK
fitd_1762823067635_mwvdj8qht,Básico - ombros com Kettlebell,Básico - ombros com Kettlebell,Exercício básico focado em ombros utilizando Kettlebell. Movimento eficaz para desenvolvimento muscular específico da região.,Exercício básico focado em ombros utilizando Kettlebell. Movimento eficaz para desenvolvimento muscular específico da região.,https://www.youtube.com/watch?v=fitd_1762823067635_mwvdj8qht,https://img.youtube.com/vi/fitd_1762823067635_mwvdj8qht/maxresdefault.jpg,Básico exercício para ombros,Básico exercício para ombros,basico-ombros-com-kettlebell,basico-ombros-com-kettlebell,EQUIPMENT,KETTLEBELLS
fitd_1762823067635_mwvdj8qht,Básico - ombros com Kettlebell,Básico - ombros com Kettlebell,Exercício básico focado em ombros utilizando Kettlebell. Movimento eficaz para desenvolvimento muscular específico da região.,Exercício básico focado em ombros utilizando Kettlebell. Movimento eficaz para desenvolvimento muscular específico da região.,https://www.youtube.com/watch?v=fitd_1762823067635_mwvdj8qht,https://img.youtube.com/vi/fitd_1762823067635_mwvdj8qht/maxresdefault.jpg,Básico exercício para ombros,Básico exercício para ombros,basico-ombros-com-kettlebell,basico-ombros-com-kettlebell,PRIMARY_MUSCLE,SHOULDERS
fitd_1762823067635_cfj7oxs88,Avançado - ombros com Kettlebell,Avançado - ombros com Kettlebell,Exercício avançado focado em ombros utilizando Kettlebell. Movimento eficaz para desenvolvimento muscular específico da região.,Exercício avançado focado em ombros utilizando Kettlebell. Movimento eficaz para desenvolvimento muscular específico da região.,https://www.youtube.com/watch?v=fitd_1762823067635_cfj7oxs88,https://img.youtube.com/vi/fitd_1762823067635_cfj7oxs88/maxresdefault.jpg,Avançado exercício para ombros,Avançado exercício para ombros,avancado-ombros-com-kettlebell,avancado-ombros-com-kettlebell,EQUIPMENT,KETTLEBELLS
fitd_1762823067635_cfj7oxs88,Avançado - ombros com Kettlebell,Avançado - ombros com Kettlebell,Exercício avançado focado em ombros utilizando Kettlebell. Movimento eficaz para desenvolvimento muscular específico da região.,Exercício avançado focado em ombros utilizando Kettlebell. Movimento eficaz para desenvolvimento muscular específico da região.,https://www.youtube.com/watch?v=fitd_1762823067635_cfj7oxs88,https://img.youtube.com/vi/fitd_1762823067635_cfj7oxs88/maxresdefault.jpg,Avançado exercício para ombros,Avançado exercício para ombros,avancado-ombros-com-kettlebell,avancado-ombros-com-kettlebell,PRIMARY_MUSCLE,SHOULDERS
fitd_1762823068736_9ieer98hn,Básico - bíceps com Kettlebell,Básico - bíceps com Kettlebell,Exercício básico focado em bíceps utilizando Kettlebell. Movimento eficaz para desenvolvimento muscular específico da região.,Exercício básico focado em bíceps utilizando Kettlebell. Movimento eficaz para desenvolvimento muscular específico da região.,https://www.youtube.com/watch?v=fitd_1762823068736_9ieer98hn,https://img.youtube.com/vi/fitd_1762823068736_9ieer98hn/maxresdefault.jpg,Básico exercício para bíceps,Básico exercício para bíceps,basico-biceps-com-kettlebell,basico-biceps-com-kettlebell,EQUIPMENT,KETTLEBELLS
fitd_1762823068736_9ieer98hn,Básico - bíceps com Kettlebell,Básico - bíceps com Kettlebell,Exercício básico focado em bíceps utilizando Kettlebell. Movimento eficaz para desenvolvimento muscular específico da região.,Exercício básico focado em bíceps utilizando Kettlebell. Movimento eficaz para desenvolvimento muscular específico da região.,https://www.youtube.com/watch?v=fitd_1762823068736_9ieer98hn,https://img.youtube.com/vi/fitd_1762823068736_9ieer98hn/maxresdefault.jpg,Básico exercício para bíceps,Básico exercício para bíceps,basico-biceps-com-kettlebell,basico-biceps-com-kettlebell,PRIMARY_MUSCLE,BICEPS
fitd_1762823068736_kan4pkel8,Avançado - bíceps com Kettlebell,Avançado - bíceps com Kettlebell,Exercício avançado focado em bíceps utilizando Kettlebell. Movimento eficaz para desenvolvimento muscular específico da região.,Exercício avançado focado em bíceps utilizando Kettlebell. Movimento eficaz para desenvolvimento muscular específico da região.,https://www.youtube.com/watch?v=fitd_1762823068736_kan4pkel8,https://img.youtube.com/vi/fitd_1762823068736_kan4pkel8/maxresdefault.jpg,Avançado exercício para bíceps,Avançado exercício para bíceps,avancado-biceps-com-kettlebell,avancado-biceps-com-kettlebell,EQUIPMENT,KETTLEBELLS
fitd_1762823068736_kan4pkel8,Avançado - bíceps com Kettlebell,Avançado - bíceps com Kettlebell,Exercício avançado focado em bíceps utilizando Kettlebell. Movimento eficaz para desenvolvimento muscular específico da região.,Exercício avançado focado em bíceps utilizando Kettlebell. Movimento eficaz para desenvolvimento muscular específico da região.,https://www.youtube.com/watch?v=fitd_1762823068736_kan4pkel8,https://img.youtube.com/vi/fitd_1762823068736_kan4pkel8/maxresdefault.jpg,Avançado exercício para bíceps,Avançado exercício para bíceps,avancado-biceps-com-kettlebell,avancado-biceps-com-kettlebell,PRIMARY_MUSCLE,BICEPS
fitd_1762823069837_ivh2wr7jv,Básico - tríceps com Kettlebell,Básico - tríceps com Kettlebell,Exercício básico focado em tríceps utilizando Kettlebell. Movimento eficaz para desenvolvimento muscular específico da região.,Exercício básico focado em tríceps utilizando Kettlebell. Movimento eficaz para desenvolvimento muscular específico da região.,https://www.youtube.com/watch?v=fitd_1762823069837_ivh2wr7jv,https://img.youtube.com/vi/fitd_1762823069837_ivh2wr7jv/maxresdefault.jpg,Básico exercício para tríceps,Básico exercício para tríceps,basico-triceps-com-kettlebell,basico-triceps-com-kettlebell,EQUIPMENT,KETTLEBELLS
fitd_1762823069837_ivh2wr7jv,Básico - tríceps com Kettlebell,Básico - tríceps com Kettlebell,Exercício básico focado em tríceps utilizando Kettlebell. Movimento eficaz para desenvolvimento muscular específico da região.,Exercício básico focado em tríceps utilizando Kettlebell. Movimento eficaz para desenvolvimento muscular específico da região.,https://www.youtube.com/watch?v=fitd_1762823069837_ivh2wr7jv,https://img.youtube.com/vi/fitd_1762823069837_ivh2wr7jv/maxresdefault.jpg,Básico exercício para tríceps,Básico exercício para tríceps,basico-triceps-com-kettlebell,basico-triceps-com-kettlebell,PRIMARY_MUSCLE,TRICEPS
fitd_1762823069837_lpounio3c,Avançado - tríceps com Kettlebell,Avançado - tríceps com Kettlebell,Exercício avançado focado em tríceps utilizando Kettlebell. Movimento eficaz para desenvolvimento muscular específico da região.,Exercício avançado focado em tríceps utilizando Kettlebell. Movimento eficaz para desenvolvimento muscular específico da região.,https://www.youtube.com/watch?v=fitd_1762823069837_lpounio3c,https://img.youtube.com/vi/fitd_1762823069837_lpounio3c/maxresdefault.jpg,Avançado exercício para tríceps,Avançado exercício para tríceps,avancado-triceps-com-kettlebell,avancado-triceps-com-kettlebell,EQUIPMENT,KETTLEBELLS
fitd_1762823069837_lpounio3c,Avançado - tríceps com Kettlebell,Avançado - tríceps com Kettlebell,Exercício avançado focado em tríceps utilizando Kettlebell. Movimento eficaz para desenvolvimento muscular específico da região.,Exercício avançado focado em tríceps utilizando Kettlebell. Movimento eficaz para desenvolvimento muscular específico da região.,https://www.youtube.com/watch?v=fitd_1762823069837_lpounio3c,https://img.youtube.com/vi/fitd_1762823069837_lpounio3c/maxresdefault.jpg,Avançado exercício para tríceps,Avançado exercício para tríceps,avancado-triceps-com-kettlebell,avancado-triceps-com-kettlebell,PRIMARY_MUSCLE,TRICEPS
fitd_1762823070938_2134ela3y,Básico - quadríceps com Kettlebell,Básico - quadríceps com Kettlebell,Exercício básico focado em quadríceps utilizando Kettlebell. Movimento eficaz para desenvolvimento muscular específico da região.,Exercício básico focado em quadríceps utilizando Kettlebell. Movimento eficaz para desenvolvimento muscular específico da região.,https://www.youtube.com/watch?v=fitd_1762823070938_2134ela3y,https://img.youtube.com/vi/fitd_1762823070938_2134ela3y/maxresdefault.jpg,Básico exercício para quadríceps,Básico exercício para quadríceps,basico-quadriceps-com-kettlebell,basico-quadriceps-com-kettlebell,EQUIPMENT,KETTLEBELLS
fitd_1762823070938_2134ela3y,Básico - quadríceps com Kettlebell,Básico - quadríceps com Kettlebell,Exercício básico focado em quadríceps utilizando Kettlebell. Movimento eficaz para desenvolvimento muscular específico da região.,Exercício básico focado em quadríceps utilizando Kettlebell. Movimento eficaz para desenvolvimento muscular específico da região.,https://www.youtube.com/watch?v=fitd_1762823070938_2134ela3y,https://img.youtube.com/vi/fitd_1762823070938_2134ela3y/maxresdefault.jpg,Básico exercício para quadríceps,Básico exercício para quadríceps,basico-quadriceps-com-kettlebell,basico-quadriceps-com-kettlebell,PRIMARY_MUSCLE,QUADRICEPS
fitd_1762823070938_y3iyueqqy,Avançado - quadríceps com Kettlebell,Avançado - quadríceps com Kettlebell,Exercício avançado focado em quadríceps utilizando Kettlebell. Movimento eficaz para desenvolvimento muscular específico da região.,Exercício avançado focado em quadríceps utilizando Kettlebell. Movimento eficaz para desenvolvimento muscular específico da região.,https://www.youtube.com/watch?v=fitd_1762823070938_y3iyueqqy,https://img.youtube.com/vi/fitd_1762823070938_y3iyueqqy/maxresdefault.jpg,Avançado exercício para quadríceps,Avançado exercício para quadríceps,avancado-quadriceps-com-kettlebell,avancado-quadriceps-com-kettlebell,EQUIPMENT,KETTLEBELLS
fitd_1762823070938_y3iyueqqy,Avançado - quadríceps com Kettlebell,Avançado - quadríceps com Kettlebell,Exercício avançado focado em quadríceps utilizando Kettlebell. Movimento eficaz para desenvolvimento muscular específico da região.,Exercício avançado focado em quadríceps utilizando Kettlebell. Movimento eficaz para desenvolvimento muscular específico da região.,https://www.youtube.com/watch?v=fitd_1762823070938_y3iyueqqy,https://img.youtube.com/vi/fitd_1762823070938_y3iyueqqy/maxresdefault.jpg,Avançado exercício para quadríceps,Avançado exercício para quadríceps,avancado-quadriceps-com-kettlebell,avancado-quadriceps-com-kettlebell,PRIMARY_MUSCLE,QUADRICEPS
fitd_1762823072038_wm1miv9ny,Básico - isquiotibiais com Kettlebell,Básico - isquiotibiais com Kettlebell,Exercício básico focado em isquiotibiais utilizando Kettlebell. Movimento eficaz para desenvolvimento muscular específico da região.,Exercício básico focado em isquiotibiais utilizando Kettlebell. Movimento eficaz para desenvolvimento muscular específico da região.,https://www.youtube.com/watch?v=fitd_1762823072038_wm1miv9ny,https://img.youtube.com/vi/fitd_1762823072038_wm1miv9ny/maxresdefault.jpg,Básico exercício para isquiotibiais,Básico exercício para isquiotibiais,basico-isquiotibiais-com-kettlebell,basico-isquiotibiais-com-kettlebell,EQUIPMENT,KETTLEBELLS
fitd_1762823072038_wm1miv9ny,Básico - isquiotibiais com Kettlebell,Básico - isquiotibiais com Kettlebell,Exercício básico focado em isquiotibiais utilizando Kettlebell. Movimento eficaz para desenvolvimento muscular específico da região.,Exercício básico focado em isquiotibiais utilizando Kettlebell. Movimento eficaz para desenvolvimento muscular específico da região.,https://www.youtube.com/watch?v=fitd_1762823072038_wm1miv9ny,https://img.youtube.com/vi/fitd_1762823072038_wm1miv9ny/maxresdefault.jpg,Básico exercício para isquiotibiais,Básico exercício para isquiotibiais,basico-isquiotibiais-com-kettlebell,basico-isquiotibiais-com-kettlebell,PRIMARY_MUSCLE,HAMSTRINGS
fitd_1762823072038_kr5efyje9,Avançado - isquiotibiais com Kettlebell,Avançado - isquiotibiais com Kettlebell,Exercício avançado focado em isquiotibiais utilizando Kettlebell. Movimento eficaz para desenvolvimento muscular específico da região.,Exercício avançado focado em isquiotibiais utilizando Kettlebell. Movimento eficaz para desenvolvimento muscular específico da região.,https://www.youtube.com/watch?v=fitd_1762823072038_kr5efyje9,https://img.youtube.com/vi/fitd_1762823072038_kr5efyje9/maxresdefault.jpg,Avançado exercício para isquiotibiais,Avançado exercício para isquiotibiais,avancado-isquiotibiais-com-kettlebell,avancado-isquiotibiais-com-kettlebell,EQUIPMENT,KETTLEBELLS
fitd_1762823072038_kr5efyje9,Avançado - isquiotibiais com Kettlebell,Avançado - isquiotibiais com Kettlebell,Exercício avançado focado em isquiotibiais utilizando Kettlebell. Movimento eficaz para desenvolvimento muscular específico da região.,Exercício avançado focado em isquiotibiais utilizando Kettlebell. Movimento eficaz para desenvolvimento muscular específico da região.,https://www.youtube.com/watch?v=fitd_1762823072038_kr5efyje9,https://img.youtube.com/vi/fitd_1762823072038_kr5efyje9/maxresdefault.jpg,Avançado exercício para isquiotibiais,Avançado exercício para isquiotibiais,avancado-isquiotibiais-com-kettlebell,avancado-isquiotibiais-com-kettlebell,PRIMARY_MUSCLE,HAMSTRINGS
fitd_1762823073139_vny3u4740,Básico - glúteos com Kettlebell,Básico - glúteos com Kettlebell,Exercício básico focado em glúteos utilizando Kettlebell. Movimento eficaz para desenvolvimento muscular específico da região.,Exercício básico focado em glúteos utilizando Kettlebell. Movimento eficaz para desenvolvimento muscular específico da região.,https://www.youtube.com/watch?v=fitd_1762823073139_vny3u4740,https://img.youtube.com/vi/fitd_1762823073139_vny3u4740/maxresdefault.jpg,Básico exercício para glúteos,Básico exercício para glúteos,basico-gluteos-com-kettlebell,basico-gluteos-com-kettlebell,EQUIPMENT,KETTLEBELLS
fitd_1762823073139_vny3u4740,Básico - glúteos com Kettlebell,Básico - glúteos com Kettlebell,Exercício básico focado em glúteos utilizando Kettlebell. Movimento eficaz para desenvolvimento muscular específico da região.,Exercício básico focado em glúteos utilizando Kettlebell. Movimento eficaz para desenvolvimento muscular específico da região.,https://www.youtube.com/watch?v=fitd_1762823073139_vny3u4740,https://img.youtube.com/vi/fitd_1762823073139_vny3u4740/maxresdefault.jpg,Básico exercício para glúteos,Básico exercício para glúteos,basico-gluteos-com-kettlebell,basico-gluteos-com-kettlebell,PRIMARY_MUSCLE,GLUTES
fitd_1762823073139_i313s81qu,Avançado - glúteos com Kettlebell,Avançado - glúteos com Kettlebell,Exercício avançado focado em glúteos utilizando Kettlebell. Movimento eficaz para desenvolvimento muscular específico da região.,Exercício avançado focado em glúteos utilizando Kettlebell. Movimento eficaz para desenvolvimento muscular específico da região.,https://www.youtube.com/watch?v=fitd_1762823073139_i313s81qu,https://img.youtube.com/vi/fitd_1762823073139_i313s81qu/maxresdefault.jpg,Avançado exercício para glúteos,Avançado exercício para glúteos,avancado-gluteos-com-kettlebell,avancado-gluteos-com-kettlebell,EQUIPMENT,KETTLEBELLS
fitd_1762823073139_i313s81qu,Avançado - glúteos com Kettlebell,Avançado - glúteos com Kettlebell,Exercício avançado focado em glúteos utilizando Kettlebell. Movimento eficaz para desenvolvimento muscular específico da região.,Exercício avançado focado em glúteos utilizando Kettlebell. Movimento eficaz para desenvolvimento muscular específico da região.,https://www.youtube.com/watch?v=fitd_1762823073139_i313s81qu,https://img.youtube.com/vi/fitd_1762823073139_i313s81qu/maxresdefault.jpg,Avançado exercício para glúteos,Avançado exercício para glúteos,avancado-gluteos-com-kettlebell,avancado-gluteos-com-kettlebell,PRIMARY_MUSCLE,GLUTES
fitd_1762823074242_gxue4aeqq,Básico - panturrilha com Kettlebell,Básico - panturrilha com Kettlebell,Exercício básico focado em panturrilha utilizando Kettlebell. Movimento eficaz para desenvolvimento muscular específico da região.,Exercício básico focado em panturrilha utilizando Kettlebell. Movimento eficaz para desenvolvimento muscular específico da região.,https://www.youtube.com/watch?v=fitd_1762823074242_gxue4aeqq,https://img.youtube.com/vi/fitd_1762823074242_gxue4aeqq/maxresdefault.jpg,Básico exercício para panturrilha,Básico exercício para panturrilha,basico-panturrilha-com-kettlebell,basico-panturrilha-com-kettlebell,EQUIPMENT,KETTLEBELLS
fitd_1762823074242_gxue4aeqq,Básico - panturrilha com Kettlebell,Básico - panturrilha com Kettlebell,Exercício básico focado em panturrilha utilizando Kettlebell. Movimento eficaz para desenvolvimento muscular específico da região.,Exercício básico focado em panturrilha utilizando Kettlebell. Movimento eficaz para desenvolvimento muscular específico da região.,https://www.youtube.com/watch?v=fitd_1762823074242_gxue4aeqq,https://img.youtube.com/vi/fitd_1762823074242_gxue4aeqq/maxresdefault.jpg,Básico exercício para panturrilha,Básico exercício para panturrilha,basico-panturrilha-com-kettlebell,basico-panturrilha-com-kettlebell,PRIMARY_MUSCLE,CALVES
fitd_1762823074242_6oxgiob0a,Avançado - panturrilha com Kettlebell,Avançado - panturrilha com Kettlebell,Exercício avançado focado em panturrilha utilizando Kettlebell. Movimento eficaz para desenvolvimento muscular específico da região.,Exercício avançado focado em panturrilha utilizando Kettlebell. Movimento eficaz para desenvolvimento muscular específico da região.,https://www.youtube.com/watch?v=fitd_1762823074242_6oxgiob0a,https://img.youtube.com/vi/fitd_1762823074242_6oxgiob0a/maxresdefault.jpg,Avançado exercício para panturrilha,Avançado exercício para panturrilha,avancado-panturrilha-com-kettlebell,avancado-panturrilha-com-kettlebell,EQUIPMENT,KETTLEBELLS
fitd_1762823074242_6oxgiob0a,Avançado - panturrilha com Kettlebell,Avançado - panturrilha com Kettlebell,Exercício avançado focado em panturrilha utilizando Kettlebell. Movimento eficaz para desenvolvimento muscular específico da região.,Exercício avançado focado em panturrilha utilizando Kettlebell. Movimento eficaz para desenvolvimento muscular específico da região.,https://www.youtube.com/watch?v=fitd_1762823074242_6oxgiob0a,https://img.youtube.com/vi/fitd_1762823074242_6oxgiob0a/maxresdefault.jpg,Avançado exercício para panturrilha,Avançado exercício para panturrilha,avancado-panturrilha-com-kettlebell,avancado-panturrilha-com-kettlebell,PRIMARY_MUSCLE,CALVES
fitd_1762823075348_hanz4h1z5,Básico - abdominais com Kettlebell,Básico - abdominais com Kettlebell,Exercício básico focado em abdominais utilizando Kettlebell. Movimento eficaz para desenvolvimento muscular específico da região.,Exercício básico focado em abdominais utilizando Kettlebell. Movimento eficaz para desenvolvimento muscular específico da região.,https://www.youtube.com/watch?v=fitd_1762823075348_hanz4h1z5,https://img.youtube.com/vi/fitd_1762823075348_hanz4h1z5/maxresdefault.jpg,Básico exercício para abdominais,Básico exercício para abdominais,basico-abdominais-com-kettlebell,basico-abdominais-com-kettlebell,EQUIPMENT,KETTLEBELLS
fitd_1762823075348_hanz4h1z5,Básico - abdominais com Kettlebell,Básico - abdominais com Kettlebell,Exercício básico focado em abdominais utilizando Kettlebell. Movimento eficaz para desenvolvimento muscular específico da região.,Exercício básico focado em abdominais utilizando Kettlebell. Movimento eficaz para desenvolvimento muscular específico da região.,https://www.youtube.com/watch?v=fitd_1762823075348_hanz4h1z5,https://img.youtube.com/vi/fitd_1762823075348_hanz4h1z5/maxresdefault.jpg,Básico exercício para abdominais,Básico exercício para abdominais,basico-abdominais-com-kettlebell,basico-abdominais-com-kettlebell,PRIMARY_MUSCLE,ABDOMINALS
fitd_1762823075348_n4ahgur28,Avançado - abdominais com Kettlebell,Avançado - abdominais com Kettlebell,Exercício avançado focado em abdominais utilizando Kettlebell. Movimento eficaz para desenvolvimento muscular específico da região.,Exercício avançado focado em abdominais utilizando Kettlebell. Movimento eficaz para desenvolvimento muscular específico da região.,https://www.youtube.com/watch?v=fitd_1762823075348_n4ahgur28,https://img.youtube.com/vi/fitd_1762823075348_n4ahgur28/maxresdefault.jpg,Avançado exercício para abdominais,Avançado exercício para abdominais,avancado-abdominais-com-kettlebell,avancado-abdominais-com-kettlebell,EQUIPMENT,KETTLEBELLS
fitd_1762823075348_n4ahgur28,Avançado - abdominais com Kettlebell,Avançado - abdominais com Kettlebell,Exercício avançado focado em abdominais utilizando Kettlebell. Movimento eficaz para desenvolvimento muscular específico da região.,Exercício avançado focado em abdominais utilizando Kettlebell. Movimento eficaz para desenvolvimento muscular específico da região.,https://www.youtube.com/watch?v=fitd_1762823075348_n4ahgur28,https://img.youtube.com/vi/fitd_1762823075348_n4ahgur28/maxresdefault.jpg,Avançado exercício para abdominais,Avançado exercício para abdominais,avancado-abdominais-com-kettlebell,avancado-abdominais-com-kettlebell,PRIMARY_MUSCLE,ABDOMINALS
fitd_1762823076454_hwizmnw6s,Básico - antebraço com Kettlebell,Básico - antebraço com Kettlebell,Exercício básico focado em antebraço utilizando Kettlebell. Movimento eficaz para desenvolvimento muscular específico da região.,Exercício básico focado em antebraço utilizando Kettlebell. Movimento eficaz para desenvolvimento muscular específico da região.,https://www.youtube.com/watch?v=fitd_1762823076454_hwizmnw6s,https://img.youtube.com/vi/fitd_1762823076454_hwizmnw6s/maxresdefault.jpg,Básico exercício para antebraço,Básico exercício para antebraço,basico-antebraco-com-kettlebell,basico-antebraco-com-kettlebell,EQUIPMENT,KETTLEBELLS
fitd_1762823076454_hwizmnw6s,Básico - antebraço com Kettlebell,Básico - antebraço com Kettlebell,Exercício básico focado em antebraço utilizando Kettlebell. Movimento eficaz para desenvolvimento muscular específico da região.,Exercício básico focado em antebraço utilizando Kettlebell. Movimento eficaz para desenvolvimento muscular específico da região.,https://www.youtube.com/watch?v=fitd_1762823076454_hwizmnw6s,https://img.youtube.com/vi/fitd_1762823076454_hwizmnw6s/maxresdefault.jpg,Básico exercício para antebraço,Básico exercício para antebraço,basico-antebraco-com-kettlebell,basico-antebraco-com-kettlebell,PRIMARY_MUSCLE,FOREARMS
fitd_1762823076455_fg8hu8jke,Avançado - antebraço com Kettlebell,Avançado - antebraço com Kettlebell,Exercício avançado focado em antebraço utilizando Kettlebell. Movimento eficaz para desenvolvimento muscular específico da região.,Exercício avançado focado em antebraço utilizando Kettlebell. Movimento eficaz para desenvolvimento muscular específico da região.,https://www.youtube.com/watch?v=fitd_1762823076455_fg8hu8jke,https://img.youtube.com/vi/fitd_1762823076455_fg8hu8jke/maxresdefault.jpg,Avançado exercício para antebraço,Avançado exercício para antebraço,avancado-antebraco-com-kettlebell,avancado-antebraco-com-kettlebell,EQUIPMENT,KETTLEBELLS
fitd_1762823076455_fg8hu8jke,Avançado - antebraço com Kettlebell,Avançado - antebraço com Kettlebell,Exercício avançado focado em antebraço utilizando Kettlebell. Movimento eficaz para desenvolvimento muscular específico da região.,Exercício avançado focado em antebraço utilizando Kettlebell. Movimento eficaz para desenvolvimento muscular específico da região.,https://www.youtube.com/watch?v=fitd_1762823076455_fg8hu8jke,https://img.youtube.com/vi/fitd_1762823076455_fg8hu8jke/maxresdefault.jpg,Avançado exercício para antebraço,Avançado exercício para antebraço,avancado-antebraco-com-kettlebell,avancado-antebraco-com-kettlebell,PRIMARY_MUSCLE,FOREARMS
fitd_1762823077569_u3s916fgc,Básico - trapézio com Kettlebell,Básico - trapézio com Kettlebell,Exercício básico focado em trapézio utilizando Kettlebell. Movimento eficaz para desenvolvimento muscular específico da região.,Exercício básico focado em trapézio utilizando Kettlebell. Movimento eficaz para desenvolvimento muscular específico da região.,https://www.youtube.com/watch?v=fitd_1762823077569_u3s916fgc,https://img.youtube.com/vi/fitd_1762823077569_u3s916fgc/maxresdefault.jpg,Básico exercício para trapézio,Básico exercício para trapézio,basico-trapezio-com-kettlebell,basico-trapezio-com-kettlebell,EQUIPMENT,KETTLEBELLS
fitd_1762823077569_u3s916fgc,Básico - trapézio com Kettlebell,Básico - trapézio com Kettlebell,Exercício básico focado em trapézio utilizando Kettlebell. Movimento eficaz para desenvolvimento muscular específico da região.,Exercício básico focado em trapézio utilizando Kettlebell. Movimento eficaz para desenvolvimento muscular específico da região.,https://www.youtube.com/watch?v=fitd_1762823077569_u3s916fgc,https://img.youtube.com/vi/fitd_1762823077569_u3s916fgc/maxresdefault.jpg,Básico exercício para trapézio,Básico exercício para trapézio,basico-trapezio-com-kettlebell,basico-trapezio-com-kettlebell,PRIMARY_MUSCLE,TRAPS
fitd_1762823077569_0wa684ly4,Avançado - trapézio com Kettlebell,Avançado - trapézio com Kettlebell,Exercício avançado focado em trapézio utilizando Kettlebell. Movimento eficaz para desenvolvimento muscular específico da região.,Exercício avançado focado em trapézio utilizando Kettlebell. Movimento eficaz para desenvolvimento muscular específico da região.,https://www.youtube.com/watch?v=fitd_1762823077569_0wa684ly4,https://img.youtube.com/vi/fitd_1762823077569_0wa684ly4/maxresdefault.jpg,Avançado exercício para trapézio,Avançado exercício para trapézio,avancado-trapezio-com-kettlebell,avancado-trapezio-com-kettlebell,EQUIPMENT,KETTLEBELLS
fitd_1762823077569_0wa684ly4,Avançado - trapézio com Kettlebell,Avançado - trapézio com Kettlebell,Exercício avançado focado em trapézio utilizando Kettlebell. Movimento eficaz para desenvolvimento muscular específico da região.,Exercício avançado focado em trapézio utilizando Kettlebell. Movimento eficaz para desenvolvimento muscular específico da região.,https://www.youtube.com/watch?v=fitd_1762823077569_0wa684ly4,https://img.youtube.com/vi/fitd_1762823077569_0wa684ly4/maxresdefault.jpg,Avançado exercício para trapézio,Avançado exercício para trapézio,avancado-trapezio-com-kettlebell,avancado-trapezio-com-kettlebell,PRIMARY_MUSCLE,TRAPS
fitd_1762823078677_kfqpmk4k3,Básico - peito com Elástico,Básico - peito com Elástico,Exercício básico focado em peito utilizando Elástico. Movimento eficaz para desenvolvimento muscular específico da região.,Exercício básico focado em peito utilizando Elástico. Movimento eficaz para desenvolvimento muscular específico da região.,https://www.youtube.com/watch?v=fitd_1762823078677_kfqpmk4k3,https://img.youtube.com/vi/fitd_1762823078677_kfqpmk4k3/maxresdefault.jpg,Básico exercício para peito,Básico exercício para peito,basico-peito-com-elastico,basico-peito-com-elastico,EQUIPMENT,BANDS
fitd_1762823078677_kfqpmk4k3,Básico - peito com Elástico,Básico - peito com Elástico,Exercício básico focado em peito utilizando Elástico. Movimento eficaz para desenvolvimento muscular específico da região.,Exercício básico focado em peito utilizando Elástico. Movimento eficaz para desenvolvimento muscular específico da região.,https://www.youtube.com/watch?v=fitd_1762823078677_kfqpmk4k3,https://img.youtube.com/vi/fitd_1762823078677_kfqpmk4k3/maxresdefault.jpg,Básico exercício para peito,Básico exercício para peito,basico-peito-com-elastico,basico-peito-com-elastico,PRIMARY_MUSCLE,CHEST
fitd_1762823078677_ceeux9g0h,Avançado - peito com Elástico,Avançado - peito com Elástico,Exercício avançado focado em peito utilizando Elástico. Movimento eficaz para desenvolvimento muscular específico da região.,Exercício avançado focado em peito utilizando Elástico. Movimento eficaz para desenvolvimento muscular específico da região.,https://www.youtube.com/watch?v=fitd_1762823078677_ceeux9g0h,https://img.youtube.com/vi/fitd_1762823078677_ceeux9g0h/maxresdefault.jpg,Avançado exercício para peito,Avançado exercício para peito,avancado-peito-com-elastico,avancado-peito-com-elastico,EQUIPMENT,BANDS
fitd_1762823078677_ceeux9g0h,Avançado - peito com Elástico,Avançado - peito com Elástico,Exercício avançado focado em peito utilizando Elástico. Movimento eficaz para desenvolvimento muscular específico da região.,Exercício avançado focado em peito utilizando Elástico. Movimento eficaz para desenvolvimento muscular específico da região.,https://www.youtube.com/watch?v=fitd_1762823078677_ceeux9g0h,https://img.youtube.com/vi/fitd_1762823078677_ceeux9g0h/maxresdefault.jpg,Avançado exercício para peito,Avançado exercício para peito,avancado-peito-com-elastico,avancado-peito-com-elastico,PRIMARY_MUSCLE,CHEST
fitd_1762823079781_ama42wpe1,Básico - costas com Elástico,Básico - costas com Elástico,Exercício básico focado em costas utilizando Elástico. Movimento eficaz para desenvolvimento muscular específico da região.,Exercício básico focado em costas utilizando Elástico. Movimento eficaz para desenvolvimento muscular específico da região.,https://www.youtube.com/watch?v=fitd_1762823079781_ama42wpe1,https://img.youtube.com/vi/fitd_1762823079781_ama42wpe1/maxresdefault.jpg,Básico exercício para costas,Básico exercício para costas,basico-costas-com-elastico,basico-costas-com-elastico,EQUIPMENT,BANDS
fitd_1762823079781_ama42wpe1,Básico - costas com Elástico,Básico - costas com Elástico,Exercício básico focado em costas utilizando Elástico. Movimento eficaz para desenvolvimento muscular específico da região.,Exercício básico focado em costas utilizando Elástico. Movimento eficaz para desenvolvimento muscular específico da região.,https://www.youtube.com/watch?v=fitd_1762823079781_ama42wpe1,https://img.youtube.com/vi/fitd_1762823079781_ama42wpe1/maxresdefault.jpg,Básico exercício para costas,Básico exercício para costas,basico-costas-com-elastico,basico-costas-com-elastico,PRIMARY_MUSCLE,BACK
fitd_1762823079781_ms3gjn5rk,Avançado - costas com Elástico,Avançado - costas com Elástico,Exercício avançado focado em costas utilizando Elástico. Movimento eficaz para desenvolvimento muscular específico da região.,Exercício avançado focado em costas utilizando Elástico. Movimento eficaz para desenvolvimento muscular específico da região.,https://www.youtube.com/watch?v=fitd_1762823079781_ms3gjn5rk,https://img.youtube.com/vi/fitd_1762823079781_ms3gjn5rk/maxresdefault.jpg,Avançado exercício para costas,Avançado exercício para costas,avancado-costas-com-elastico,avancado-costas-com-elastico,EQUIPMENT,BANDS
fitd_1762823079781_ms3gjn5rk,Avançado - costas com Elástico,Avançado - costas com Elástico,Exercício avançado focado em costas utilizando Elástico. Movimento eficaz para desenvolvimento muscular específico da região.,Exercício avançado focado em costas utilizando Elástico. Movimento eficaz para desenvolvimento muscular específico da região.,https://www.youtube.com/watch?v=fitd_1762823079781_ms3gjn5rk,https://img.youtube.com/vi/fitd_1762823079781_ms3gjn5rk/maxresdefault.jpg,Avançado exercício para costas,Avançado exercício para costas,avancado-costas-com-elastico,avancado-costas-com-elastico,PRIMARY_MUSCLE,BACK